Tiêu đề,Địa chỉ,Tên phòng,Giá,Diện tích,Sức chứa,Giường,Hướng,Ảnh phòng
Pao's Sapa Leisure Hotel,"Đường Mường Hoa, Thị trấn Sapa, Huyện Sapa, Tỉnh Lào Cai",Premier/Executive,3153000.0,45m²,"2 người lớn, 2 trẻ em",2 giường đơn / 1 giường đôi,Hướng núi,"https://cf.bstatic.com/xdata/images/hotel/max1024x768/127242558.jpg?k=e769769cfa4cc1ef92c6241fbc86b7951d2f26378ad2b6e2bc326d0bcd7c239a&o=
https://cf.bstatic.com/xdata/images/hotel/max1024x768/296159372.jpg?k=48aa29f567a70a7a78abe350b210ee3d54201a7d601f47d466ac069e0cedaa52&o=
https://cf.bstatic.com/xdata/images/hotel/max1024x768/127242543.jpg?k=0bd21f648d790bdde3eef0b96de624767ed9635c7058f9d786a84695dcbcfee3&o="
Pao's Sapa Leisure Hotel,"Đường Mường Hoa, Thị trấn Sapa, Huyện Sapa, Tỉnh Lào Cai",Suite,6028000.0,64m²,"2 người lớn, 2 trẻ em",2 giường đôi,Hướng núi,"https://cf.bstatic.com/xdata/images/hotel/max1024x768/145239342.jpg?k=3d988b4eb08a3c8c9940c60faed6e6097fa53ce0c6a2ee001b7e3e2c5e14afab&o=
https://cf.bstatic.com/xdata/images/hotel/max1024x768/145239337.jpg?k=ef316ad927080822a2e0a1a3bcb0e820b9b7cbb0970fa2e491af4714b4ffdde9&o=
https://cf.bstatic.com/xdata/images/hotel/max1024x768/145239869.jpg?k=303926d1c4421443f1639da1260ad55e50ebfa49f84a13aedbc286682e39a8b0&o="
Lady Hill Sapa Resort,"Đường Nguyễn Chí Thanh, Tổ 4, Phường Fansipan, Thị xã SaPa, Tỉnh Lào Cai",Premier/Executive,2955000.0,45m²,"3 người lớn, 2 trẻ em",2 giường đơn / 1 giường đôi,Hướng núi,"https://owa.bestprice.vn/images/hotels/uploads/lady-hill-sapa-resort-64edb196cd1c5.jpg
https://owa.bestprice.vn/images/hotels/uploads/lady-hill-sapa-resort-64edb196cd3c7.jpg"
Lady Hill Sapa Resort,"Đường Nguyễn Chí Thanh, Tổ 4, Phường Fansipan, Thị xã SaPa, Tỉnh Lào Cai",Suite,4078000.0,65m²,"2 người lớn, 2 trẻ em",1 giường đôi,Hướng núi,"https://owa.bestprice.vn/images/hotels/uploads/lady-hill-sapa-resort-64edb196cd2d0.jpg
https://owa.bestprice.vn/images/hotels/uploads/lady-hill-sapa-resort-64edb1c1cbbd6.jpg"
KK Sapa Hotel,"Số 36, Đường Mường Hoa, Thị trấn Sa Pa, Tỉnh Lào Cai",Premier/Executive,1550000.0,48m²,"2 người lớn, 2 trẻ em",2 giường đơn / 1 giường đôi,Hướng núi,"https://owa.bestprice.vn/images/hotels/uploads/kk-sapa-hotel-64e0e483df23d.jpg
https://owa.bestprice.vn/images/hotels/uploads/kk-sapa-hotel-64e0e483df2b6.jpg
https://owa.bestprice.vn/images/hotels/uploads/kk-sapa-hotel-64e0e483df322.jpg
https://owa.bestprice.vn/images/hotels/uploads/kk-sapa-hotel-64e0e4908d7c0.jpg"
KK Sapa Hotel,"Số 36, Đường Mường Hoa, Thị trấn Sa Pa, Tỉnh Lào Cai",Suite,2580000.0,80m²,"4 người lớn, 2 trẻ em",2 giường đôi,Hướng núi,"https://owa.bestprice.vn/images/hotels/uploads/kk-sapa-hotel-64e0e4b62da1c.jpg
https://owa.bestprice.vn/images/hotels/uploads/kk-sapa-hotel-64e0e4b62da87.jpg
https://owa.bestprice.vn/images/hotels/uploads/kk-sapa-hotel-64e0e4b62daf4.jpg
https://owa.bestprice.vn/images/hotels/uploads/kk-sapa-hotel-64e0e4b62d933.jpg"
Ville De Mont Mountain Resort Sapa,"Tổ 07, Phường Cầu Mây, Thị xã Sa Pa, Tỉnh Lào Cai, Việt Nam",Premier/Executive,6997000.0,135m²,"4 người lớn, 2 trẻ em",2 giường đơn & 1 giường đôi,Hướng núi,"https://owa.bestprice.vn/images/hotels/uploads/ville-de-mont-mountain-resort-sapa-64e2e5f4d9287.jpg
https://owa.bestprice.vn/images/hotels/uploads/ville-de-mont-mountain-resort-sapa-64e2e5f4d931f.jpg"
Ville De Mont Mountain Resort Sapa,"Tổ 07, Phường Cầu Mây, Thị xã Sa Pa, Tỉnh Lào Cai, Việt Nam",Suite,9900000.0,205m²,"6 người lớn, 3 trẻ em",3 giường đôi  ,Hướng núi,"https://owa.bestprice.vn/images/hotels/uploads/ville-de-mont-mountain-resort-sapa-64e2e5f4d9938.jpg
https://owa.bestprice.vn/images/hotels/uploads/ville-de-mont-mountain-resort-sapa-64e2e5f4d9802.jpg
https://owa.bestprice.vn/images/hotels/uploads/ville-de-mont-mountain-resort-sapa-64e2e5f4d989a.jpg"
Melia Vinpearl Đà Nẵng Riverfront,"341 Đường Trần Hưng Đạo, An Hải Bắc, Sơn Trà, Đà Nẵng",Premier/Executive,2033000.0,40m²,"2 người lớn, 2 trẻ em",1 giường đôi,Hướng thành phố,"https://cf.bstatic.com/xdata/images/hotel/max1024x768/409234875.jpg?k=3ad6ad3b90c805ab447cb3041af2cee81452b8f4ad0608a07c8bb9679cf3d99c&o=
https://cf.bstatic.com/xdata/images/hotel/max1024x768/409233684.jpg?k=c8621195dfc99c393a7d4852d508cf3adb82393f301cb18b1cac3e7728abd807&o=
https://cf.bstatic.com/xdata/images/hotel/max1024x768/581057650.jpg?k=58788104dc3ffc61120e081d4ed8330fd9185765d18ac778ab5705144453b253&o="
Melia Vinpearl Đà Nẵng Riverfront,"341 Đường Trần Hưng Đạo, An Hải Bắc, Sơn Trà, Đà Nẵng",Suite,2179000.0,53m²,"2 người lớn, 2 trẻ em",1 giường đôi,Hướng biển,"https://cf.bstatic.com/xdata/images/hotel/max1024x768/409234878.jpg?k=3398f15e2458b6fec4bad36f18c9a4d542f6d9887038379e88c9c8b9ecd07aea&o=
https://cf.bstatic.com/xdata/images/hotel/max1024x768/409234875.jpg?k=3ad6ad3b90c805ab447cb3041af2cee81452b8f4ad0608a07c8bb9679cf3d99c&o=
https://cf.bstatic.com/xdata/images/hotel/max1024x768/409234862.jpg?k=2e602d495034b10d61eba9f39df052ad0bc1e0ff112168054d792808096c35e8&o=
https://cf.bstatic.com/xdata/images/hotel/max1024x768/409234873.jpg?k=d451b0ede6cd5a3e25991169d80dd370c5f379605e808e86c410576baa57898e&o="
Đà Nẵng Marriott Resort & Spa,"Số 7 Đường Trường Sa, Phường Hòa Hải, Quận Ngũ Hành Sơn, Đà Nẵng",Premier/Executive,3950000.0,69m²,"2 người lớn, 2 trẻ em",1 giường đôi,Hướng biển,"https://cf.bstatic.com/xdata/images/hotel/max1024x768/479687694.jpg?k=b61effdf54f13e9593f813327083c0dda7d4916526b49471b4299ba87cc0cbfb&o=
https://cf.bstatic.com/xdata/images/hotel/max1024x768/479687634.jpg?k=9f73880407defe313aec5496246209053945f5dac29cf2fc6bbab5340a6431ac&o=
https://cf.bstatic.com/xdata/images/hotel/max1024x768/637373163.jpg?k=1a26980ce005c4a00ed2e784890b2397485033b36885202a273d313ac7fb8af1&o="
Đà Nẵng Marriott Resort & Spa,"Số 7 Đường Trường Sa, Phường Hòa Hải, Quận Ngũ Hành Sơn, Đà Nẵng",Suite,4980000.0,108m²,"4 người lớn, 2 trẻ em",2 giường đôi,Hướng biển,"https://cf.bstatic.com/xdata/images/hotel/max1024x768/479687688.jpg?k=c99b49229633384656180af72b94881e295f652b78d10fc1de569d7f7640cb2a&o=
https://cf.bstatic.com/xdata/images/hotel/max1024x768/479687691.jpg?k=785a6c32eaa668acbd9a83c72e49a8b043ccbdf90d1cd3a5ca5044a9b2356ab9&o=
https://cf.bstatic.com/xdata/images/hotel/max1024x768/479687661.jpg?k=ba23c5fa2b92d7398a6c87d67e7f701816e182f0b751f9a10f06e0aff8b1de06&o=
https://cf.bstatic.com/xdata/images/hotel/max1024x768/637373151.jpg?k=364cca54a8cbe539d9f4b596a0a9f3f9c94b64c247af6e44d7f0c4ca92052457&o="
Sel de Mer Hotel & Suites Đà Nẵng,"92 Võ Nguyên Giáp, Mân Thái, Sơn Trà, Đà Nẵng",Premier/Executive,3367000.0,65m²,"2 người lớn, 2 trẻ em",1 giường đôi,Hướng thành phố,"https://cf.bstatic.com/xdata/images/hotel/max1024x768/226434436.jpg?k=d765338ed65e10c018032565b2171794fa142d83da3f85ce05b31d3500a3a1fb&o=
https://cf.bstatic.com/xdata/images/hotel/max1024x768/255358161.jpg?k=48f1a96b6a3a089ef6a7b2e9ff4997d8188e71b88665ba2351085d5b5a87ee05&o=
https://cf.bstatic.com/xdata/images/hotel/max1024x768/226434434.jpg?k=1194b4957dcdbb5ee3dbccb70b02315689cdf181ed6fda4aa5ae008116d454b2&o=
https://cf.bstatic.com/xdata/images/hotel/max1024x768/226434432.jpg?k=046862b7baac57fe5b57f3b839268bb150b95f0a285078c891a9eeec43bf49cf&o=
https://cf.bstatic.com/xdata/images/hotel/max1024x768/226434430.jpg?k=3c5dc1e4ff51b9b16a0989cce5247c3f67b4259a205cd95d5cfc375eb840085b&o="
Sel de Mer Hotel & Suites Đà Nẵng,"92 Võ Nguyên Giáp, Mân Thái, Sơn Trà, Đà Nẵng",Suite,6050000.0,70m²,"4 người lớn, 2 trẻ em",2 giường đôi,Hướng biển,"https://cf.bstatic.com/xdata/images/hotel/max1024x768/255358203.jpg?k=47a6f021fed684b5ba12a3d08520e1e4408ef04822423557bdb5c70ad1713d2e&o=
https://cf.bstatic.com/xdata/images/hotel/max1024x768/255358199.jpg?k=ef96b8c741b037cf77e4e1e916b24fb5fa110531c267a68551ffbb12f794fac3&o=
https://cf.bstatic.com/xdata/images/hotel/max1024x768/226441665.jpg?k=3e4e67da31843e7f66e9f9fbbcc7b2c71c7f322114081bfca17908e9e7dd62ee&o=
https://cf.bstatic.com/xdata/images/hotel/max1024x768/255358186.jpg?k=9a73cf7bc6b93b4427e28abb4bd8e18f72b9ac8d8cfb50031291810e4bef0333&o="
Vinpearl Resort Nha Trang,"Đảo Hòn Tre, P.Vĩnh Nguyên, Nha Trang",Premier/Executive,2890000.0,42m2,"2 người lớn, 2 trẻ em",2 giường đơn / 1 giường đôi,Hướng biển,"https://owa.bestprice.vn/images/hotels/uploads/vinpearl-resort-nha-trang-65cf0f89b3705.jpg
https://owa.bestprice.vn/images/hotels/uploads/vinpearl-resort-nha-trang-65cf0f89b3916.jpg"
Vinpearl Resort Nha Trang,"Đảo Hòn Tre, P.Vĩnh Nguyên, Nha Trang",Suite,3170000.0,52m²,"3 người lớn, 2 trẻ em",2 giường đôi,Hướng biển,"https://owa.bestprice.vn/images/hotels/uploads/vinpearl-resort-nha-trang-65cf0f89b31d8.jpg
https://owa.bestprice.vn/images/hotels/uploads/vinpearl-resort-nha-trang-65cf0f89b346f.jpg"
Vinpearl Beachfront Nha Trang,"78 - 80 đường Trần Phú, phường Lộc Thọ, thành phố Nha Trang",Premier/Executive,2150000.0,54m²,"2 người lớn, 2 trẻ em",1 giường đôi,Hướng biển,"https://owa.bestprice.vn/images/hotels/uploads/vinpearl-condotel-beachfront-nha-trang-633b93954aa7b.jpg
https://owa.bestprice.vn/images/hotels/uploads/vinpearl-condotel-beachfront-nha-trang-65cee443ae3c9.jpg"
Vinpearl Beachfront Nha Trang,"78 - 80 đường Trần Phú, phường Lộc Thọ, thành phố Nha Trang",Suite,4850000.0,75m²,"4 người lớn, 2 trẻ em",2 giường đơn & 1 giường đôi,Hướng biển,"https://owa.bestprice.vn/images/hotels/uploads/vinpearl-condotel-beachfront-nha-trang-633b93954a73a.jpg
https://owa.bestprice.vn/images/hotels/uploads/vinpearl-condotel-beachfront-nha-trang-633b93c2db853.jpg
https://owa.bestprice.vn/images/hotels/uploads/vinpearl-condotel-beachfront-nha-trang-633b93dd7c08a.jpg"
Hòn Tằm Resort,"Đảo Hòn Tằm, Thành phố Nha Trang, Tỉnh Khánh Hòa",Premier/Executive,2380000.0,60m²,"2 người lớn, 2 trẻ em",2 giường đơn / 1 giường đôi,Hướng biển,"https://owa.bestprice.vn/images/hotels/uploads/hon-tam-resort-65c1f382b7ec8.jpg
https://owa.bestprice.vn/images/hotels/uploads/hon-tam-resort-65c1f382b7bd1.jpg
https://owa.bestprice.vn/images/hotels/uploads/hon-tam-resort-65c1f382b7a72.jpg"
Hòn Tằm Resort,"Đảo Hòn Tằm, Thành phố Nha Trang, Tỉnh Khánh Hòa",Suite,2750000.0,65m²,"4 người lớn, 2 trẻ em",2 giường đôi,Hướng biển,"https://owa.bestprice.vn/images/hotels/uploads/hon-tam-resort-65c1f382b7af6.jpg
https://owa.bestprice.vn/images/hotels/uploads/hon-tam-resort-65c1f3a42b28c.jpg
https://owa.bestprice.vn/images/hotels/uploads/hon-tam-resort-65c1f3a42b3d4.jpg"
Cam Ranh Riviera Beach Resort & Spa,"Lô D4B, Khu Du Lịch Bắc Bán Đảo Cam Ranh, Huyện Cam Lâm, Tỉnh Khánh Hòa",Premier/Executive,3510000.0,48m²,"3 người lớn, 2 trẻ em",1  giường đơn & 1 giường đôi,Hướng vườn,"https://cf.bstatic.com/xdata/images/hotel/max1024x768/675813858.jpg?k=59a2010380c07c7262bece16ffdd8cfc7136ed142f0403199498ed134a845b85&o=
https://cf.bstatic.com/xdata/images/hotel/max1024x768/600025590.jpg?k=f5d45f56a0d97cd4bc3aecb22dc60fa957b6967b90f8861d1157cf38ebbbe144&o=
https://cf.bstatic.com/xdata/images/hotel/max1024x768/675813861.jpg?k=d6f076910266a4bcab40c6a27b45720006d755253edef5a129ccd290e3f239ff&o="
Cam Ranh Riviera Beach Resort & Spa,"Lô D4B, Khu Du Lịch Bắc Bán Đảo Cam Ranh, Huyện Cam Lâm, Tỉnh Khánh Hòa",Suite,3980000.0,75m²,"4 người lớn, 2 trẻ em",1 giường đôi & 2 giường đơn,Hướng biển,"https://cf.bstatic.com/xdata/images/hotel/max1024x768/520044575.jpg?k=8ff2dd471de1daa04abbe3fe2ecb79eb57e837c5e74f03648d8217801bce434e&o=
https://cf.bstatic.com/xdata/images/hotel/max1024x768/520044577.jpg?k=77e208b592c86d47576bb6819e287b0138b9a346734e5ae3cb74b5bf9f0855ab&o=
https://cf.bstatic.com/xdata/images/hotel/max1024x768/520044576.jpg?k=1d3775ba18d4df25c9c142314ec653c35c482624127cf86469aeefb4c7ac9aa4&o=
https://cf.bstatic.com/xdata/images/hotel/max1024x768/520044562.jpg?k=abc2958d3161a5f862db6283f5c4fdaf3cf7db5a3c00e1ecd14391946190808e&o=
https://cf.bstatic.com/xdata/images/hotel/max1024x768/520044561.jpg?k=ece3a707dd5c974a3659245ca3589a710b80d08fbfe89b27c36536d44b2d906f&o="
The Empyrean Nha Trang Hotel,"Số 2 Đường Nguyễn Thị Minh Khai, Phường Lộc Thọ, Thành phố Nha Trang, Tỉnh Khánh Hòa",Premier/Executive,1929000.0,50m²,"2 người lớn, 2 trẻ em",2 giường đơn / 1 giường đôi,Hướng biển,"https://owa.bestprice.vn/images/hotels/uploads/the-empyrean-nha-trang-hotel-643fb66570136.jpg
https://owa.bestprice.vn/images/hotels/uploads/the-empyrean-nha-trang-hotel-643fb67fae503.jpg"
The Empyrean Nha Trang Hotel,"Số 2 Đường Nguyễn Thị Minh Khai, Phường Lộc Thọ, Thành phố Nha Trang, Tỉnh Khánh Hòa",Suite,2850000.0,60m²,"4 người lớn, 2 trẻ em",2 giường đôi,Hướng biển,"https://owa.bestprice.vn/images/hotels/uploads/the-empyrean-nha-trang-hotel-643fb6a19502a.jpg
https://owa.bestprice.vn/images/hotels/uploads/the-empyrean-nha-trang-hotel-643fb6b0e1cdc.jpg
https://owa.bestprice.vn/images/hotels/uploads/the-empyrean-nha-trang-hotel-643fb6bd6abb7.jpg"
Vinpearl Resort & Spa Hạ Long,"Đảo Rều, Bãi Cháy, Tp. Hạ Long",Premier/Executive,,45m²,"2 người lớn, 2 trẻ em",2 giường đơn / 1 giường đôi,Hướng hồ,
Vinpearl Resort & Spa Hạ Long,"Đảo Rều, Bãi Cháy, Tp. Hạ Long",Suite,,60m²,"2 người lớn, 2 trẻ em",1 giường đôi,Hướng biển,
Citadines Marina Halong Hotel,"Khu Đô thị Hạ Long Marina, Đường Hoàng Quốc Việt, Phường Hùng Thắng, Thành phố Hạ Long, Tỉnh Quảng Ninh",Premier/Executive,2280000.0,59m²,"4 người lớn, 2 trẻ em",2 giường đơn & 1 giường đôi,Hướng ra biển,"https://cf.bstatic.com/xdata/images/hotel/max1024x768/492702156.jpg?k=9d7d6222a27ca61e5b2e8353ef9c321a1494d05fdc7acc4a366f5f5ccae50651&o=
https://cf.bstatic.com/xdata/images/hotel/max1024x768/334819025.jpg?k=b066a03216f20e4473841b3c6f7d771ca7d39a1facaff3b8250a9758b520e7f8&o=
https://cf.bstatic.com/xdata/images/hotel/max1024x768/571189835.jpg?k=d9fbd62a243c32a5bcdef744449867a5708d159eb3f9996178b712b8ca985318&o=
https://cf.bstatic.com/xdata/images/hotel/max1024x768/571190745.jpg?k=a25782bc824e9298c7aac23286c026c409037edd32e7aa582b4f16f9ffe16ac9&o="
Citadines Marina Halong Hotel,"Khu Đô thị Hạ Long Marina, Đường Hoàng Quốc Việt, Phường Hùng Thắng, Thành phố Hạ Long, Tỉnh Quảng Ninh",Suite,3550000.0,90m²,"6 người lớn, 4 trẻ em",4 giường đôi,Hướng biển,"https://cf.bstatic.com/xdata/images/hotel/max1024x768/334820307.jpg?k=75acdab60f07004ba39e5f22bd2ed802a14f21dc7fb201633497d8c524e8dd56&o=
https://cf.bstatic.com/xdata/images/hotel/max1024x768/334816795.jpg?k=64ffca79808734f285fd381b626b5ded02cf0433a32bf7ddacca79fe0bda5118&o=
https://cf.bstatic.com/xdata/images/hotel/max1024x768/334819034.jpg?k=37d4ea1cb053127f73e2890a376b5320842714f1f11e0b073e376dd947f31c6e&o=
https://cf.bstatic.com/xdata/images/hotel/max1024x768/334818594.jpg?k=9e4a240ab1e3b90969de77da8261c330e556ee4b6a1b3bf9b6b758a9e97b3048&o="
À la Carte Ha Long Bay,"HH03 Bán đảo trung tâm - Hạ Long Marina, Quảng Ninh",Premier/Executive,1350000.0,40m²,"2 người lớn, 2 trẻ em",2 giường đơn / 1 giường đôi,Hướng biển,"https://owa.bestprice.vn/images/hotels/uploads/a-la-carte-ha-long-bay-64828d6f0069d.jpg
https://owa.bestprice.vn/images/hotels/uploads/a-la-carte-ha-long-bay-63c7f69427d52.jpg"
À la Carte Ha Long Bay,"HH03 Bán đảo trung tâm - Hạ Long Marina, Quảng Ninh",Suite,1890000.0,83m²,"6 người lớn, 4 trẻ em",2 giường đôi & 1 giường đơn,Hướng biển,"https://owa.bestprice.vn/images/hotels/uploads/a-la-carte-ha-long-bay-63c7f66c429bb.jpg
https://owa.bestprice.vn/images/hotels/uploads/a-la-carte-ha-long-bay-63c7f66c42cb6.jpg
https://owa.bestprice.vn/images/hotels/uploads/a-la-carte-ha-long-bay-64828d6f0089c.jpg"
Yoko Onsen Quang Hanh,"Tổ 5, Khu 9B, Phường Quang Hanh, Thành phố Cẩm Phả, Tỉnh Quảng Ninh",Premier/Executive,6850000.0,75m²,"4 người lớn, 2 trẻ em",2 giường đôi,Hướng vườn,"https://cf.bstatic.com/xdata/images/hotel/max1024x768/433128620.jpg?k=f3d723951e7f597e6d5b25cbc040b7e667b5aef401e824334082bca35e4f7a1c&o=
https://cf.bstatic.com/xdata/images/hotel/max1024x768/433128624.jpg?k=d8060c3ebf4406efbd32a39e7613263cbc00365815b4219ea19062962552ba88&o=
https://cf.bstatic.com/xdata/images/hotel/max1024x768/433128615.jpg?k=fe9084cf180ddd3346c060c2290a9dbd2311ccc64b99c427d7f4dd647d52bef3&o=
https://cf.bstatic.com/xdata/images/hotel/max1024x768/433128625.jpg?k=a800e52b289cb2f2bc4a34def1383182f1cc287b26e9dd9c70f01562ccbff022&o=
https://cf.bstatic.com/xdata/images/hotel/max1024x768/433128629.jpg?k=41efdfa89d61ba5353dcdce190ca4ae8e7b1552532fddf3646e28a7dfab97fc8&o="
Yoko Onsen Quang Hanh,"Tổ 5, Khu 9B, Phường Quang Hanh, Thành phố Cẩm Phả, Tỉnh Quảng Ninh",Suite,16100000.0,210m²,"8 người lớn, 4 trẻ em",3 giường đôi & 1 giường đơn,,"https://cf.bstatic.com/xdata/images/hotel/max1024x768/472353988.jpg?k=bf0f2f298ab7579ba3b8156120380c4a6ae43cf946d8395991a24c2ed7ecd43f&o=
https://cf.bstatic.com/xdata/images/hotel/max1024x768/472353987.jpg?k=8afb909dbd548d759400ed87a81a993a01ef3cfb35b1aa8806158baf6d84ccd2&o=
https://cf.bstatic.com/xdata/images/hotel/max1024x768/472353984.jpg?k=9f862d988b2d83f25da4d2b41092e9a7f79a1ca099f485e6e0a1496b0a682753&o=
https://cf.bstatic.com/xdata/images/hotel/max1024x768/472353981.jpg?k=81f03165cfae8b57cb44f0363d26ba9f7f39d8d7fcab4f373f32b7d079a48882&o=
https://cf.bstatic.com/xdata/images/hotel/max1024x768/472353983.jpg?k=c96b4f9d8cf80a6d6e066e0a84fc06c3e4aa1a0d964dfa6ffdad50048db840d9&o="
Delasea Hotel Halong,"A9, Lô 1, Khu dân cư Du lịch Đông Hưng Thắng, Phường Bãi Cháy, Thành phố Hạ Long, Tỉnh Quảng Ninh",Premier/Executive,1560000.0,56m²,"3 người lớn, 2 trẻ em",2 giường đơn / 1 giường đôi,Hướng biển,"https://cf.bstatic.com/xdata/images/hotel/max1024x768/611718884.jpg?k=3923d088b07d6fb8cca6ba1c2f20838a6bcffa077b05de69f53be9fc202b16b7&o=
https://cf.bstatic.com/xdata/images/hotel/max1024x768/611717900.jpg?k=fc3b9215dab3bdfa3c666ec4b9f847a6085545b0fec8ac43b8391d8d54dcc7c9&o=
https://cf.bstatic.com/xdata/images/hotel/max1024x768/611736379.jpg?k=80148c59406bed9cd75dc09b91019f6bdf3f0496c4af53eccb67e7794388e377&o="
Delasea Hotel Halong,"A9, Lô 1, Khu dân cư Du lịch Đông Hưng Thắng, Phường Bãi Cháy, Thành phố Hạ Long, Tỉnh Quảng Ninh",Suite,1850000.0,65m²,"4 người lớn, 2 trẻ em",2 giường đôi,,"https://cf.bstatic.com/xdata/images/hotel/max1024x768/611719766.jpg?k=776a8d12a836f114f483f22567ed5ec54b35cabb74125268ce702ff4f83171c8&o=
https://cf.bstatic.com/xdata/images/hotel/max1024x768/611719753.jpg?k=c750a98255b8e8413e9e798be3db15780729fd04b1701a60f786c1fd7f0fe9c7&o=
https://cf.bstatic.com/xdata/images/hotel/max1024x768/611719763.jpg?k=9dcc3626524ffa4bd0152d9530bc0d9dc42adf326db3141b5104e125f36b58d9&o=
https://cf.bstatic.com/xdata/images/hotel/max1024x768/611719764.jpg?k=4bf860ee50a0bbae664dbb991865f57d18a25f0ff61b40038b9d627b3fe4b4ff&o="
Swiss-Belresort Tuyền Lâm Đà Lạt,"Phân Khu Chức Năng số 7 và 8, KDL Hồ Tuyền Lâm, Phường 3,Thành phố Đà Lạt, Tỉnh Lâm Đồng",Premier/Executive,2597000.0,74m²,"2 người lớn, 2 trẻ em",2 giường đơn / 1 giường đôi,Hướng núi,"https://cf.bstatic.com/xdata/images/hotel/max1024x768/345964906.jpg?k=45eaebe7b69deb7227f5418e64ea89b39e7c28fb0d770e4250b944f926ce1772&o=
https://cf.bstatic.com/xdata/images/hotel/max1024x768/345964962.jpg?k=6535528081b668aea66765c757d9503fc2af6383d0b96df6b377dd5bfc5d0cd9&o=
https://cf.bstatic.com/xdata/images/hotel/max1024x768/345964918.jpg?k=c6546dfa8c5bafe40922675b8d42f66ecb2083d616d33d8f0c01bece49302526&o=
"
Swiss-Belresort Tuyền Lâm Đà Lạt,"Phân Khu Chức Năng số 7 và 8, KDL Hồ Tuyền Lâm, Phường 3,Thành phố Đà Lạt, Tỉnh Lâm Đồng",Suite,3846000.0,118m²,"4 người lớn, 2 trẻ em",2 giường đôi,Hướng núi,"https://cf.bstatic.com/xdata/images/hotel/max1024x768/345964948.jpg?k=d2251e03f6904dadd8487379a8a1e6322ed4f462abb02869adc84a70a0051fda&o=
https://cf.bstatic.com/xdata/images/hotel/max1024x768/345964961.jpg?k=945a8624d4187a027b254c146d8ad3ba3725ab3a0231f9cc449cded169341f63&o=
https://cf.bstatic.com/xdata/images/hotel/max1024x768/345964965.jpg?k=c02668b821204a210fc56d726e80e960ceff9c73500756f23ebcf06bc0477334&o=
https://cf.bstatic.com/xdata/images/hotel/max1024x768/174359405.jpg?k=39344a4e57b49556c2fb91af6b8f6364abfb0d63d66f6f8e5f929fd3741e3db6&o="
Mercure Dalat Resort,"03 Đường Nguyễn Du, Thành phố Đà Lạt, tỉnh Lâm Đồng.",Premier/Executive,3400000.0,45m²,"2 người lớn, 2 trẻ em",2 giường đơn / 1 giường đôi,Hướng vườn,"https://cf.bstatic.com/xdata/images/hotel/max1024x768/436717685.jpg?k=0263b961153c6de4b3f56cd1eedadc71e8261b75f03f63ae542ec3f05fd3ba5c&o=
https://cf.bstatic.com/xdata/images/hotel/max1024x768/436717848.jpg?k=03d102f09ee06beff3cf41b6aab8e8318f8f9901ed4795035813ed507763546c&o="
Mercure Dalat Resort,"03 Đường Nguyễn Du, Thành phố Đà Lạt, tỉnh Lâm Đồng.",Suite,3650000.0,50m²,"4 người lớn, 2 trẻ em",2 giường đơn & 1 giường đôi,Hướng vườn,"https://cf.bstatic.com/xdata/images/hotel/max1024x768/436715978.jpg?k=5ce626353460b8067a7ce03e5811df551c02494fc5752b7fc191242c08bff06a&o=
https://cf.bstatic.com/xdata/images/hotel/max1024x768/436716765.jpg?k=1a97b29825cbb785fe47b188cc650788b843d744ee393fe78f6721d3cb84ecac&o=
https://cf.bstatic.com/xdata/images/hotel/max1024x768/436715991.jpg?k=b4c35d29aa1ce1b11bc5545c062aa22052b0e221700ad7196329a687e6f22991&o=
https://cf.bstatic.com/xdata/images/hotel/max1024x768/436712581.jpg?k=b63ba1ef7bcfc8f4b4ddd8cfca0748c0993e9c37d1ff9c1c42918a7bbd1872c5&o="
Anya Premier Hotel Quy Nhơn,"Số 44 Đường An Dương Vương, Phường Nguyễn Văn Cừ, Thành phố Quy Nhơn, Tỉnh Bình Định",Premier/Executive,2080000.0,34m²,"2 người lớn, 2 trẻ em",2 giường đơn / 1 giường đôi,Hướng biển,"https://cf.bstatic.com/xdata/images/hotel/max1024x768/498575815.jpg?k=5f2f57dcae87acfc5809b9524609274653672e27b35f9bd665da64232ab18cda&o=
https://cf.bstatic.com/xdata/images/hotel/max1024x768/446498559.jpg?k=71dc5bb0dcd397dc185e5e2f9ebd61cca31532042a4cbb3d0a70ea50b633e99c&o="
Anya Premier Hotel Quy Nhơn,"Số 44 Đường An Dương Vương, Phường Nguyễn Văn Cừ, Thành phố Quy Nhơn, Tỉnh Bình Định",Suite,3990000.0,62m²,"4 người lớn, 2 trẻ em",1 giường đôi & 2 giường đơn,Hướng biển,"https://cf.bstatic.com/xdata/images/hotel/max1024x768/446498652.jpg?k=923720749740b99fa626c2149aa5140977efb3a5f041f3646c71f01c6db1a5eb&o=
https://cf.bstatic.com/xdata/images/hotel/max1024x768/446498650.jpg?k=bac8060354d42ae484d1019f79e952fb27e5226242da40c73e90329aa9bb45d0&o=
https://cf.bstatic.com/xdata/images/hotel/max1024x768/446498645.jpg?k=1d140613431d5696156f0a287b864f3b382e61ec5d96f3fe605995aef8fc9a4b&o=
https://cf.bstatic.com/xdata/images/hotel/max1024x768/446498643.jpg?k=19e7d2cf717c46c2770e94a3d2dc82bb84fa13f08c5429de564f8af6c1b8a4d1&o="
Seaside Boutique Resort Quy Nhơn,"QL1D, Cầu, 2, Bãi Bàng, Thành phố Quy Nhơn, Tỉnh Bình Định",Premier/Executive,869000.0,40m²,"2 người lớn, 2 trẻ em",2 giường đơn / 1 giường đôi,Hướng biển,"https://cf.bstatic.com/xdata/images/hotel/max1024x768/458354172.jpg?k=b511058f44098084424cc0e4cd22de30ea4bd9327d24d1b027afc8d6753007fa&o=
https://cf.bstatic.com/xdata/images/hotel/max1024x768/252411542.jpg?k=a695e16ba067f93da69e96d44ce36a5243786616565ed40885814341e54a0deb&o=
https://cf.bstatic.com/xdata/images/hotel/max1024x768/252411538.jpg?k=1532e6b0036d3680498f38944cab25838dfdfec2dd5680862c608cf4556a6688&o="
Seaside Boutique Resort Quy Nhơn,"QL1D, Cầu, 2, Bãi Bàng, Thành phố Quy Nhơn, Tỉnh Bình Định",Suite,2050000.0,88m²,"4 người lớn, 2 trẻ em",2 giường đôi,Hướng biển,"https://cf.bstatic.com/xdata/images/hotel/max1024x768/252411620.jpg?k=31066364f47dcb1051c1bbb58e9fbf61f5658eb125b58afa43727ae714024226&o=
https://cf.bstatic.com/xdata/images/hotel/max1024x768/252411625.jpg?k=b3e1c1b18a88d452e843d5bc81da09320e29794b2eabcb571b115245c062d8ae&o=
https://cf.bstatic.com/xdata/images/hotel/max1024x768/252411632.jpg?k=ccda294e44d3b8e379b44c8148c8e80c4fefc1f8aeb2c453256981158e2085b6&o=
https://cf.bstatic.com/xdata/images/hotel/max1024x768/213885967.jpg?k=27f46e2969a1bc3636da69379956aa1ab6ea985a293f837afb9cb8e97a2ba8e3&o="
Vinpearl Resort & Spa Phú Quốc,"Bãi Dài, Gành Dầu, Phú Quốc",Premier/Executive,2990000.0,96m²,"2 người lớn, 2 trẻ em",2 giường đơn / 1 giường đôi,Hướng biển,"https://owa.bestprice.vn/images/hotels/uploads/vinpearl-resort-spa-phu-quoc-634fc56f641f2.jpg
https://owa.bestprice.vn/images/hotels/uploads/vinpearl-resort-spa-phu-quoc-634fc83724467.jpg
https://owa.bestprice.vn/images/hotels/uploads/vinpearl-resort-spa-phu-quoc-634fc837243be.jpg"
Vinpearl Resort & Spa Phú Quốc,"Bãi Dài, Gành Dầu, Phú Quốc",Suite,5230000.0,340m²,"6 người lớn, 4 trẻ em",3 giường đôi,,"https://cf.bstatic.com/xdata/images/hotel/max1024x768/440886857.jpg?k=c25750c242073dd74b4567ac12048b4571273788412d16b1201302ebc9abfc65&o=
https://cf.bstatic.com/xdata/images/hotel/max1024x768/440887488.jpg?k=e494f3a142bb550a27b9764453671c3ee64b9ab7201043947a9724030935cd6b&o=
https://cf.bstatic.com/xdata/images/hotel/max1024x768/440888096.jpg?k=89c9492450dd74ff8594759332f59090e834f6ef5c7777db8a158b2e5081bfd9&o=
https://cf.bstatic.com/xdata/images/hotel/max1024x768/440888950.jpg?k=f2d87a779f51bfc8f5edd49f0fb4dc9ab9e14de1196af63652a5bdecb3ebfa8c&o="
Melia Vinpearl Phú Quốc,"Bãi Dài, Xã Gành Dầu, Phú Quốc",Premier/Executive,,,,,,
Melia Vinpearl Phú Quốc,"Bãi Dài, Xã Gành Dầu, Phú Quốc",Suite,4890000.0,220m²,"6 người lớn, 4 trẻ em",3 giường đôi & 2 giường đơn,Hướng biển,"https://cf.bstatic.com/xdata/images/hotel/max1024x768/584015773.jpg?k=d9f6a34976f385618e3730164d16ac5a9e0cae8aa619e59bfec74b1d5ed260cb&o=
https://cf.bstatic.com/xdata/images/hotel/max1024x768/584015881.jpg?k=629da2924d012ebc935891901f6564cd848ef9414986af7c95763f6bae882c92&o=
https://cf.bstatic.com/xdata/images/hotel/max1024x768/584015787.jpg?k=f70c91328a0f61b4f5697d54e1dd41bdc8012f913c3c1c9e303bc058f988f6f7&o=
https://cf.bstatic.com/xdata/images/hotel/max1024x768/584015747.jpg?k=8250e01f69592bbcdb63a58e57d5839295eaf9e309d4d348f04ccff574bf225f&o="
SOL by Melia Phú Quốc,"Khu 1, Khu du lịch Đức Việt, Khu liên hợp Bãi Trường , Xã Dương Tơ, Đảo Phú Quốc, tỉnh Kiên Giang, Việt Nam",Premier/Executive,2590000.0,67m²,"2 người lớn, 2 trẻ em",2 giường đơn / 1 giường đôi,Hướng biển,"https://cf.bstatic.com/xdata/images/hotel/max1024x768/130487871.jpg?k=419e17a0b20cc8914cdbaeab6aead9a19588e48246a692339e5c2d2e9701206b&o=
https://cf.bstatic.com/xdata/images/hotel/max1024x768/482757330.jpg?k=8d50f76bc0dba664bd4866c2ef5069817d108722ff935c15f91a7f703c6f4338&o=
https://cf.bstatic.com/xdata/images/hotel/max1024x768/89953749.jpg?k=72abb723ef3360e61b333b0118521889a00d88d639c04de8219cd21f4b9f2a0c&o=
https://cf.bstatic.com/xdata/images/hotel/max1024x768/143327293.jpg?k=5de8c9041ab3edec5fbf5ed43ee27c5d480c4fd8f6f34d0f05690ccfa3192e2e&o="
SOL by Melia Phú Quốc,"Khu 1, Khu du lịch Đức Việt, Khu liên hợp Bãi Trường , Xã Dương Tơ, Đảo Phú Quốc, tỉnh Kiên Giang, Việt Nam",Suite,5048000.0,108m²,"4 người lớn, 2 trẻ em",2 giường đôi,Hướng biển,"https://cf.bstatic.com/xdata/images/hotel/max1024x768/482757301.jpg?k=bc7eef73be8399f6bccb38f6d507ebd70ac73f9422a57971eb5ae20b0b872f4b&o=
https://cf.bstatic.com/xdata/images/hotel/max1024x768/89953678.jpg?k=6d6581d3be98a72f2c2f935851211978395b8330ebdb3d4c545727bc4e528616&o=
https://cf.bstatic.com/xdata/images/hotel/max1024x768/130487847.jpg?k=322b88d1ab2e0a14a6a430e2dc78570c4a46efc04b7aae829d7e87f2b49dcde7&o=
https://cf.bstatic.com/xdata/images/hotel/max1024x768/89953498.jpg?k=5ddd91f18c5b3e92a5fbf2481ef0205b531a8fb97aa73581dce4a42513af3d14&o="
Wyndham Grand Phú Quốc,"Bãi Dài, Xã Gành Dầu, Huyện Phú Quốc, Tỉnh Kiên Giang, Việt Nam",Premier/Executive,5350000.0,125m²,"4 người lớn, 2 trẻ em",2 giường đôi,Hướng biển,"https://cf.bstatic.com/xdata/images/hotel/max1024x768/548739518.jpg?k=67198a92ec98aa55b6627c3af620f5f067cf60a8412a9e0400f4ee9d2fee7f1d&o=
https://cf.bstatic.com/xdata/images/hotel/max1024x768/95643927.jpg?k=be548b54d8c791b1dec7380d7ca6021e6653ce79a2898fac7374d4027acce036&o=
https://cf.bstatic.com/xdata/images/hotel/max1024x768/543446988.jpg?k=5e2781d7fafacdc11824159f357ad7051e5c5d71c92c5e472f16a53b93bed946&o=
https://cf.bstatic.com/xdata/images/hotel/max1024x768/543435335.jpg?k=bbfec2f81b67ff32d3499a2b1b2931c3952555d110f304ff7775f803edd5fa71&o="
Wyndham Grand Phú Quốc,"Bãi Dài, Xã Gành Dầu, Huyện Phú Quốc, Tỉnh Kiên Giang, Việt Nam",Suite,8850000.0,166m²,"6 người lớn, 5 trẻ em",2 giường đôi & 2 giường đơn,Hướng vườn,"https://cf.bstatic.com/xdata/images/hotel/max1024x768/548739479.jpg?k=febb4a878a6bc82d7e72cd1322f103c68c4e89bff6a0eeed871669395da1e41d&o=
https://cf.bstatic.com/xdata/images/hotel/max1024x768/546724714.jpg?k=0b16a96804822f55249545532790b321dca7b8560e24c2879b563e41cd82191a&o=
https://cf.bstatic.com/xdata/images/hotel/max1024x768/546724705.jpg?k=f1e0772e1cd120a58d28a1cffe37325a6fd31959f677affdbeef488b9605b589&o=
https://cf.bstatic.com/xdata/images/hotel/max1024x768/546725292.jpg?k=258716d650dfe6b1ed9e1040fca58bb964595dc9afc58654cc0b18ad8753e6ce&o=
https://cf.bstatic.com/xdata/images/hotel/max1024x768/546725800.jpg?k=95ae3518136dd6de23c07983ba126218cb01ced298f08c79d1546f704f5e3611&o="
Vinpearl Resort & Golf Nam Hội An,"Xã Bình Dương, Huyện Thăng Bình, Tỉnh Quảng Nam",Premier/Executive,4030000.0,83m²,"2 người lớn, 2 trẻ em",2 giường đơn / 1 giường đôi,Hướng biển,"https://cf.bstatic.com/xdata/images/hotel/max1024x768/409181000.jpg?k=4a554b739a1a22c580cc62e644b7172bd71236005c74ccd4a4ee5f1411c51c7b&o=
https://cf.bstatic.com/xdata/images/hotel/max1024x768/399501383.jpg?k=56bfff1dab6633cee8ec6c0a479b6b5e6a38af201421118a7eb3f73a0347a202&o=
https://cf.bstatic.com/xdata/images/hotel/max1024x768/399472119.jpg?k=96122f7aac10806d4379220532c64ddc2bee485400e79fdf30ef0b324f1513d0&o=
https://cf.bstatic.com/xdata/images/hotel/max1024x768/399501305.jpg?k=b4a1e9d7b2275c7e59d49d27cac319e99ee670767870b0349c8b21be3a470513&o=
https://cf.bstatic.com/xdata/images/hotel/max1024x768/409181002.jpg?k=c3eeda7079a0dea6210abdb4adc02a5b4c786119dad90b611310e8ac4f059036&o=
https://cf.bstatic.com/xdata/images/hotel/max1024x768/409181001.jpg?k=ab5ee560362e1eb1bbafd81c8b169ed429de6711d0de4b30c2859729a9c623fa&o=
https://cf.bstatic.com/xdata/images/hotel/max1024x768/409180999.jpg?k=62d8448f67b14574b2cba5a65ddc93a0109a75242c6251c90c3820e636c1b298&o="
Vinpearl Resort & Golf Nam Hội An,"Xã Bình Dương, Huyện Thăng Bình, Tỉnh Quảng Nam",Suite,8650000.0,177m²,"6 người lớn, 4 trẻ em",3 giường đôi,,"https://cf.bstatic.com/xdata/images/hotel/max1024x768/507280059.jpg?k=9f9503caed6128d20e09e59ac5f1a6214ebeb62b737f9af30e4744ba1f2a0879&o=
https://cf.bstatic.com/xdata/images/hotel/max1024x768/507280052.jpg?k=afdc8e1b9c64056d647c186c6c9657ee38eb888b66c128270d6ed761b050a412&o=
https://cf.bstatic.com/xdata/images/hotel/max1024x768/409181560.jpg?k=d1d9ebc4e1dc47e86aeac8aca3cf75a3e5d83756615b056cca6f062ba05dea56&o=
https://cf.bstatic.com/xdata/images/hotel/max1024x768/507280056.jpg?k=01df471f5ffc72c8e33793b1d96f8293c14da1ebeb57bbd4779da491af7430a6&o=
https://cf.bstatic.com/xdata/images/hotel/max1024x768/507280062.jpg?k=6b8a82bbeee7ce738787d150463d06bc1ecf53a1699f801042505626ffc70947&o="
Citadines Pearl Hoi An,"Bãi biển An , Phường Điện Dương, Thị xã Điện Bàn, Tỉnh Quảng Nam",Premier/Executive,1390000.0,60m²,"2 người lớn, 2 trẻ em",2 giường đơn / 1 giường đôi,Hướng biển,"https://owa.bestprice.vn/images/hotels/uploads/citadines-pearl-hoi-an-64e471b5e116e.jpg
https://owa.bestprice.vn/images/hotels/uploads/citadines-pearl-hoi-an-64e471b5e1206.jpg
"
Citadines Pearl Hoi An,"Bãi biển An , Phường Điện Dương, Thị xã Điện Bàn, Tỉnh Quảng Nam",Suite,1550000.0,75m²,"4 người lớn, 2 trẻ em",2 giường đôi,,"https://owa.bestprice.vn/images/hotels/uploads/citadines-pearl-hoi-an-64e471d7e6f68.jpg
https://owa.bestprice.vn/images/hotels/uploads/citadines-pearl-hoi-an-64e471d7e6e5a.jpg
https://owa.bestprice.vn/images/hotels/uploads/citadines-pearl-hoi-an-64e471d7e6ee8.jpg"
La Siesta Hội An Resort & Spa,"132 Hùng Vương, Phường Cẩm Phổ, Thành phố Hội An, Tỉnh Quảng Nam, Việt Nam",Premier/Executive,3025000.0,60m²,"4 người lớn, 2 trẻ em",2  giường đôi,Hướng vườn,"https://cf.bstatic.com/xdata/images/hotel/max1024x768/377904546.jpg?k=234aafc4c30cb8aa07e301419b86ababd6acd6ee425390ccd75ea8c448bf5981&o=
https://cf.bstatic.com/xdata/images/hotel/max1024x768/377904544.jpg?k=2bf102ff42efbe46c3f3c3d2e7005e5a4dfce667fe2ae73c8e43f2ee6a13f53c&o=
https://cf.bstatic.com/xdata/images/hotel/max1024x768/377904534.jpg?k=8737cdb326a9d867c43460445c3461b721ba450fc672ef576eb2f080dbde1c09&o=
https://cf.bstatic.com/xdata/images/hotel/max1024x768/400241863.jpg?k=6a6a3207b1ef9bc76f7ee679ae8b2f2ed871423b1588dc07c42bebd36255f138&o="
La Siesta Hội An Resort & Spa,"132 Hùng Vương, Phường Cẩm Phổ, Thành phố Hội An, Tỉnh Quảng Nam, Việt Nam",Suite,3066000.0,35m²,"4 người lớn, 2 trẻ em",2 giường đôi,Hướng vườn,"https://cf.bstatic.com/xdata/images/hotel/max1024x768/101410121.jpg?k=784ab725777fd1c1d5277d01be8a993be713759a8e4835e5ad9fe48b35fc25b9&o=
https://cf.bstatic.com/xdata/images/hotel/max1024x768/101409293.jpg?k=54a2f870eb6678f30abe9605af6833ac7dc3ee09a24dfd3480083a510e845013&o=
https://cf.bstatic.com/xdata/images/hotel/max1024x768/496274419.jpg?k=b7143843ff35eb3830597ceccd6427fbcab35da528801326d219117ca44ffffe&o="
Sapa Charm Hotel,"32 Mường Hoa, Thị trấn Sa Pa, Tỉnh Lào Cai, Việt Nam",Premier/Executive,,,,,,
Sapa Charm Hotel,"32 Mường Hoa, Thị trấn Sa Pa, Tỉnh Lào Cai, Việt Nam",Suite,7880000.0,75m²,"4 người lớn, 2 trẻ em",2 giường đôi,Hướng núi,"https://cf.bstatic.com/xdata/images/hotel/max1024x768/605740778.jpg?k=d07133d9c5f0e11c9cc853d797449baa72fea140a764cc93920936423b72d6be&o=
https://cf.bstatic.com/xdata/images/hotel/max1024x768/592809792.jpg?k=89ea4bc21f5e782338eafaaf72519c9f2b942cefe1de2f616f4cf2da83646d61&o=
https://cf.bstatic.com/xdata/images/hotel/max1024x768/592809102.jpg?k=c20f44bd4d5fb8d2d25af1c9d8e2e13ff4a1f43ea5d124d5bebbbc2a3f9d3d06&o=
https://cf.bstatic.com/xdata/images/hotel/max1024x768/592809767.jpg?k=874f021de4549e212521d771a217e8b3f5f096ec798bf2417fdeb9ae81b5226e&o=
https://cf.bstatic.com/xdata/images/hotel/max1024x768/592810414.jpg?k=9db6cf077919ad369642513c107d440b4cca9590fbae250d69411dfa69c29e13&o=
https://cf.bstatic.com/xdata/images/hotel/max1024x768/605962208.jpg?k=2ebcc001ab13c2de02ccfa8eaf7f26a3052c69cc1b37940fd2f4265472f71c14&o="
Sapa Jade Hill Resort & Spa,"Thôn Lý, Xã Lao Chải, Huyện SaPa, Thị trấn Sapa, Tỉnh Lào Cai, Việt Nam",Premier/Executive,2861000.0,40m²,"2 người lớn, 2 trẻ em",2 giường đơn / 1 giường đôi,Hướng núi,"https://cf.bstatic.com/xdata/images/hotel/max1024x768/400892957.jpg?k=f14898fc7621413207e29f72a9de2f55170cef6ba2336fb7311b936058d4cf17&o=
https://cf.bstatic.com/xdata/images/hotel/max1024x768/400894017.jpg?k=ea6dc685e060902337f134093b138b1082751de1a91234e3948a64daeb49ef80&o=
https://cf.bstatic.com/xdata/images/hotel/max1024x768/400894223.jpg?k=8e8ad155427a2a8ad48c70b1a3c48702bca91ac4a805f186720c275fbcd15616&o="
Sapa Jade Hill Resort & Spa,"Thôn Lý, Xã Lao Chải, Huyện SaPa, Thị trấn Sapa, Tỉnh Lào Cai, Việt Nam",Suite,4850000.0,90m²,"2 người lớn, 2 trẻ em",2 giường đôi,Hướng núi,"https://owa.bestprice.vn/images/hotels/uploads/sapa-jade-hill-resort-spa-64dda6abe63cf.jpg
https://owa.bestprice.vn/images/hotels/uploads/sapa-jade-hill-resort-spa-64dda6abe645c.jpg"
Bamboo Sapa Hotel,"18A Mường Hoa, Thị xã Sa Pa, Tỉnh Lào Cai, Việt Nam",Premier/Executive,2922000.0,80m²,"4 người lớn, 2 trẻ em",2 giường đôi,Hướng núi,"https://cf.bstatic.com/xdata/images/hotel/max1024x768/664269347.jpg?k=f3997871bc216c6238c93d0eddcdb1074c617d512e77cd837b025d4786d8c0f6&o=
https://cf.bstatic.com/xdata/images/hotel/max1024x768/477247530.jpg?k=f6154a84cf8239ba9c40c5c010dbd8c0b803c89d70fd8a1f5ee8cd2256306917&o=
https://cf.bstatic.com/xdata/images/hotel/max1024x768/664266261.jpg?k=bd701dea344a66c609a42b2aa19b7995c6528ffec36cd987a1a8272129a69d02&o="
Bamboo Sapa Hotel,"18A Mường Hoa, Thị xã Sa Pa, Tỉnh Lào Cai, Việt Nam",Suite,3038000.0,40m²,"2 người lớn, 2 trẻ em",1 giường đôi,Hướng núi,"https://cf.bstatic.com/xdata/images/hotel/max1024x768/481638784.jpg?k=95cdda3b9a353e8b874ba24f838e6f15df4b15cd91580c5053e86f11cf441c44&o=
https://cf.bstatic.com/xdata/images/hotel/max1024x768/481638775.jpg?k=1f9d2a59e3032f87a9f6116b5d181ba3603d722bf7a3b92b9fb512a304bd395e&o="
Amazing Hotel Sapa,"Tổ 7A phố Đồng Lợi, Thị trấn Sa Pa, Huyện Sa Pa, Tỉnh Lào Cai",Premier/Executive,1558000.0,50m²,"2 người lớn, 2 trẻ em",2 giường đơn / 1 giường đôi,Hướng núi,"https://owa.bestprice.vn/images/hotels/uploads/amazing-hotel-sapa-64d5e660684da.jpg
https://owa.bestprice.vn/images/hotels/uploads/amazing-hotel-sapa-64ec504c9acd8.jpg
https://owa.bestprice.vn/images/hotels/uploads/amazing-hotel-sapa-64ec504c9ad4d.jpg"
Amazing Hotel Sapa,"Tổ 7A phố Đồng Lợi, Thị trấn Sa Pa, Huyện Sa Pa, Tỉnh Lào Cai",Suite,2058000.0,60m²,"3 người lớn, 2 trẻ em",2 giường đôi,Hướng núi,"https://owa.bestprice.vn/images/hotels/uploads/amazing-hotel-sapa-64d21a0fb6158.jpg
https://owa.bestprice.vn/images/hotels/uploads/amazing-hotel-sapa-64d5f0721edf3.jpg"
Minh Toàn SAFI Ocean Hotel Đà Nẵng,"224 Đường Võ Nguyên Giáp, Phước Mỹ, Sơn Trà, Đà Nẵng",Premier/Executive,2150000.0,50m²,"4 người lớn, 1 trẻ em",2 giường đôi,Hướng biển,"https://owa.bestprice.vn/images/hotels/uploads/minh-toan-safi-ocean-hotel-da-nang-6451de187b9f8.jpg
https://owa.bestprice.vn/images/hotels/uploads/minh-toan-safi-ocean-hotel-da-nang-6451dda7832e5.jpg
https://owa.bestprice.vn/images/hotels/uploads/minh-toan-safi-ocean-hotel-da-nang-6451de187bb2c.jpg"
Minh Toàn SAFI Ocean Hotel Đà Nẵng,"224 Đường Võ Nguyên Giáp, Phước Mỹ, Sơn Trà, Đà Nẵng",Suite,2000000.0,60m²,"2 người lớn, 2 trẻ em",1 giường đôi,Hướng biển,"https://owa.bestprice.vn/images/hotels/uploads/minh-toan-safi-ocean-hotel-da-nang-6451de187ba92.jpg
https://owa.bestprice.vn/images/hotels/uploads/minh-toan-safi-ocean-hotel-da-nang-6451dda78341b.jpg
https://owa.bestprice.vn/images/hotels/uploads/minh-toan-safi-ocean-hotel-da-nang-6451de187bda6.jpg"
Đà Nẵng Mikazuki Japanese Resorts and Spa,"Khu du lịch Xuân Thiều, Đường Nguyễn Tất Thành, Phường Hòa Hiệp Nam, Quận Liên Chiểu, Thành Phố Đà Nẵng",Premier/Executive,3780000.0,85m²,"2 người lớn, 2 trẻ em",2 giường đơn / 1 giường đôi,Hướng biển,"https://cf.bstatic.com/xdata/images/hotel/max1024x768/659719900.jpg?k=680e91fc0371042f6270433fb2fdeeba0da35793c92a442d118152869c6907a9&o=
https://cf.bstatic.com/xdata/images/hotel/max1024x768/408920606.jpg?k=47b625c38d1bd83d25ce3f070c02689b5b32f778c289a36618fcdc197dd58517&o=
https://cf.bstatic.com/xdata/images/hotel/max1024x768/659719898.jpg?k=c84fd0d2b89d95d6e432978506bf7ace986766566838242e86e32296ade569f3&o=
https://cf.bstatic.com/xdata/images/hotel/max1024x768/569211492.jpg?k=2867dfe26feb1eb80d8a32fc7361fc90f2348048460c2f2cc69d4c725d2e2e59&o=
https://cf.bstatic.com/xdata/images/hotel/max1024x768/408920561.jpg?k=f49c7edf69c740439e122a6916593600569aafd0a61ea612095f28f484affd12&o="
Đà Nẵng Mikazuki Japanese Resorts and Spa,"Khu du lịch Xuân Thiều, Đường Nguyễn Tất Thành, Phường Hòa Hiệp Nam, Quận Liên Chiểu, Thành Phố Đà Nẵng",Suite,15790000.0,200m²,"4 người lớn, 2 trẻ em",2 giường đôi & 1 giường đơn,Hướng biển,"https://cf.bstatic.com/xdata/images/hotel/max1024x768/396306653.jpg?k=78253fff8e1d0f6ea52dc037729a8f06433a74fc4d037e69ac5554932af27f0f&o=
https://cf.bstatic.com/xdata/images/hotel/max1024x768/396306693.jpg?k=659264a2785abc4a88206ebe9eed2087afc367b0407a9ddf76c386532ff382d7&o=
https://cf.bstatic.com/xdata/images/hotel/max1024x768/396306735.jpg?k=8464b7b54e2923e2e53f1c798c59bc7fe1a9b2b03dbfc05aa2329419bb9a3c63&o=
https://cf.bstatic.com/xdata/images/hotel/max1024x768/396306759.jpg?k=83a5f3ce44831e10bc61c39e56ac03efb41e1fdcdd8d4bc759a46849aecd510f&o=
https://cf.bstatic.com/xdata/images/hotel/max1024x768/396306670.jpg?k=e0a2b3c434d84bb22e780b15ebe1302d2603a329649811d1926cb751ed99bd43&o=
https://cf.bstatic.com/xdata/images/hotel/max1024x768/396306681.jpg?k=8998028ba7c4821657c039550a13810ce329c40f3428eada77522bea58a66ef5&o=
https://cf.bstatic.com/xdata/images/hotel/max1024x768/396312321.jpg?k=af432e5e4a27b715c456d4abd53d244a3572d1e15b476320d87738e9113e23d8&o="
Chicland Hotel Đà Nẵng,"Số 210 Đường Võ Nguyên Giáp, Phường Phước Mỹ, Quận Sơn Trà, Thành phố Đà Nẵng",Premier/Executive,3480000.0,82m²,"2 người lớn, 2 trẻ em",2 giường đơn / 1 giường đôi,Hướng biển,"https://cf.bstatic.com/xdata/images/hotel/max1024x768/208583769.jpg?k=acbcf8eab55ea5658c2242dab7db307f47752e656c8328ea24a8342baecd500f&o=
https://cf.bstatic.com/xdata/images/hotel/max1024x768/211360660.jpg?k=1bd84a9d5bc6101b1eb5395fc47e4c0bea15651483a9d3e790fd3c67e1d18fb3&o=
https://cf.bstatic.com/xdata/images/hotel/max1024x768/230920631.jpg?k=a6448e794f29102197d008a9a0b3bf8a7b641f2e2ae1a990561e0d03fe12d146&o=
"
Chicland Hotel Đà Nẵng,"Số 210 Đường Võ Nguyên Giáp, Phường Phước Mỹ, Quận Sơn Trà, Thành phố Đà Nẵng",Suite,5140000.0,115m²,"4 người lớn, 2 trẻ em",2 giường đôi & 1 giường đơn,Hướng biển,"https://cf.bstatic.com/xdata/images/hotel/max1024x768/211360614.jpg?k=e782f46b84c4679f5e7415d7d10751bf0ebebab3dbe4f08cf64c6a7d2f550b28&o=
https://cf.bstatic.com/xdata/images/hotel/max1024x768/208583769.jpg?k=acbcf8eab55ea5658c2242dab7db307f47752e656c8328ea24a8342baecd500f&o=
https://cf.bstatic.com/xdata/images/hotel/max1024x768/347242041.jpg?k=e4d6a0e89576a138069afd3fcbd755ccc7b8764c43408fac1aec0287c2b533b5&o=
https://cf.bstatic.com/xdata/images/hotel/max1024x768/211360660.jpg?k=1bd84a9d5bc6101b1eb5395fc47e4c0bea15651483a9d3e790fd3c67e1d18fb3&o=
https://cf.bstatic.com/xdata/images/hotel/max1024x768/230920631.jpg?k=a6448e794f29102197d008a9a0b3bf8a7b641f2e2ae1a990561e0d03fe12d146&o=
https://cf.bstatic.com/xdata/images/hotel/max1024x768/347240532.jpg?k=260270f93b3f8043d424b682a4ca2d146aef25fc6dac74792ef0392758d10528&o="
Risemount Premier Resort Đà Nẵng,"Số 120 Đường Nguyễn Văn Thoại, Phường Mỹ An, Quận Ngũ Hành Sơn, Thành phố Đà Nẵng",Premier/Executive,2250000.0,40m²,"2 người lớn, 2 trẻ em",2 giường đơn / 1 giường đôi,Hướng hồ bơi,"https://cf.bstatic.com/xdata/images/hotel/max1024x768/529940214.jpg?k=9d95a20cdd476d8d70045682ed65a1d85542fe9c4f70e5e6df995d58ffa25115&o=
https://cf.bstatic.com/xdata/images/hotel/max1024x768/529940175.jpg?k=ed4682674a27ae6e1fe99aa64d3bcd5c1dc07edb3769e619ed2b6181884099c6&o=
https://cf.bstatic.com/xdata/images/hotel/max1024x768/529940136.jpg?k=83e5533987ef7687a301b21f5bc1ca5d5012f3cd4298246ddb18c97a88b5af7e&o=
https://cf.bstatic.com/xdata/images/hotel/max1024x768/529940201.jpg?k=cb4d35cacce11ea16f9b552e3ddb69fab845be58923a91ab49b490a2c96ad534&o=
https://cf.bstatic.com/xdata/images/hotel/max1024x768/114952691.jpg?k=2a0d7f54624858d573760f70b1104b983186f0afe83bc325df4a8e52a4097719&o="
Risemount Premier Resort Đà Nẵng,"Số 120 Đường Nguyễn Văn Thoại, Phường Mỹ An, Quận Ngũ Hành Sơn, Thành phố Đà Nẵng",Suite,4804000.0,120m²,"4 người lớn, 2 trẻ em",2 giường đôi & 1 giường đơn,Hướng hồ bơi ,"https://cf.bstatic.com/xdata/images/hotel/max1024x768/529940239.jpg?k=b9e818c32e7e141c3325fecbf0a1b9f54d0b475ec6af963e3bd6729ad47d5355&o=
https://cf.bstatic.com/xdata/images/hotel/max1024x768/529940232.jpg?k=aace622607e8a0b1113b2d8eb611c9cdf0a7eb3969cfee909ad6b068699f69f1&o=
https://cf.bstatic.com/xdata/images/hotel/max1024x768/529940215.jpg?k=835334ff30a077c837370fd4844e085b0221545b8d833495218d615ef2541537&o=
https://cf.bstatic.com/xdata/images/hotel/max1024x768/529940165.jpg?k=8f13c582a9178d495c2310b85d56ffecc4ca09046fe42a2b9a3f26bf4f252098&o="
Grand Sea Đà Nẵng,"08 Đường Hà Bổng, Quận Sơn Trà, Thành Phố Đà Nẵng",Premier/Executive,1240000.0,48m²,"2 người lớn, 2 trẻ em",2 giường đơn / 1 giường đôi,Hướng biển,"https://cf.bstatic.com/xdata/images/hotel/max1024x768/147916881.jpg?k=f07448581ab14cc6be16a4632669ce7fad3f87b03d5ec6f41200607cc0ec907a&o=
https://cf.bstatic.com/xdata/images/hotel/max1024x768/147916885.jpg?k=c9fe716c1060984e9a5df820a606fbf24cc37bc3d5763384838d0461c4f3215e&o=
https://cf.bstatic.com/xdata/images/hotel/max1024x768/147918612.jpg?k=ae472cca8076415b5e6833a7a6b48f3f9f40f2c842042a65f7234d4b52d54e2c&o=
https://cf.bstatic.com/xdata/images/hotel/max1024x768/147918615.jpg?k=d2fe49c22ac1500babf496e1e1f98cbb3d6e8b549d4f35379213fb75f77e08ec&o="
Grand Sea Đà Nẵng,"08 Đường Hà Bổng, Quận Sơn Trà, Thành Phố Đà Nẵng",Suite,1350000.0,34m²,"4 người lớn, 2 trẻ em",2 giường đôi,Hướng biển,"https://cf.bstatic.com/xdata/images/hotel/max1024x768/147918498.jpg?k=1f4d315e913125061d0240a9a979bae84194825fbbb2e1a6e8ffde587028ddbc&o=
https://cf.bstatic.com/xdata/images/hotel/max1024x768/147915857.jpg?k=36dc182d7987176444146927b494a8764613601b02d1b4b56f1ebfaf53655dd9&o="
Haian Beach Hotel & Spa,"278 Võ Nguyên Giáp, Phường Bắc Mỹ Phú, Quận Ngũ Hành Sơn, Đà Nẵng",Premier/Executive,2050000.0,50m²,"2 người lớn, 2 trẻ em",2 giường đơn / 1 giường đôi,Hướng thành phố,"https://cf.bstatic.com/xdata/images/hotel/max1024x768/164125510.jpg?k=295aee9f5ddebf3499dd607dbebf2501eca46fa103511d0990217b708e2094a5&o=
https://cf.bstatic.com/xdata/images/hotel/max1024x768/164125503.jpg?k=f3b50f309876bd921d58c965493cca07249acb60446c6fe89ece62d34146e9b6&o=
https://cf.bstatic.com/xdata/images/hotel/max1024x768/164125520.jpg?k=a9a4f0b4d66cdddf379eff0ceb23ef35e6a345bf1ef3c669704eae0e9b6899f0&o=
https://cf.bstatic.com/xdata/images/hotel/max1024x768/384246742.jpg?k=4c2cee53dba897ab4280f8f7ae4bac52126156b43e1ecef9e73e3519d10f869b&o="
Haian Beach Hotel & Spa,"278 Võ Nguyên Giáp, Phường Bắc Mỹ Phú, Quận Ngũ Hành Sơn, Đà Nẵng",Suite,2550000.0,45m²,"4 người lớn, 2 trẻ em",2 giường đôi,Hướng biển,"https://cf.bstatic.com/xdata/images/hotel/max1024x768/262264829.jpg?k=dba28e7ce09a49cdf450a5e15e9d2466134aae4c172f97e91347b5093e1068b9&o=
https://cf.bstatic.com/xdata/images/hotel/max1024x768/344674650.jpg?k=d0586eff83438a49e99cbfc011c6acf551129d40e95e9e718af23eab2476c015&o=
https://cf.bstatic.com/xdata/images/hotel/max1024x768/151307992.jpg?k=22348928bf70d88ed5a90744d30856eeaed43efa793512bdbf25b48d97c4c169&o=
https://cf.bstatic.com/xdata/images/hotel/max1024x768/155028240.jpg?k=10df72213ca80304e076dea6cbe45c936294b9ec7ee4245fb87fb213143bf20b&o=
https://cf.bstatic.com/xdata/images/hotel/max1024x768/658575127.jpg?k=eb9ea5625e6bf9cbc76e103c6f3cfa4e27c59e849a4ab307f0a0972c309c6307&o="
Le Sands Oceanfront Danang Hotel,"28 Phố Võ Nguyên Giáp, Phường Mân Thái, Quận Sơn Trà, Thành phố Đà Nẵng",Premier/Executive,1550000.0,45m²,"2 người lớn, 2 trẻ em",2 giường đơn / 1 giường đôi,Hướng biển,"https://cf.bstatic.com/xdata/images/hotel/max1024x768/363966877.jpg?k=a9c07699b31002af684bcdba23731972fb405d099f21ca445eee0e3769ada643&o=
https://cf.bstatic.com/xdata/images/hotel/max1024x768/370200567.jpg?k=c6d8e5b2e1e2840d4a61106bdc218d22bae65b0bcc6e2a78e85253df98d7f36e&o=
https://cf.bstatic.com/xdata/images/hotel/max1024x768/363962592.jpg?k=6f070488e8520d3316110e87414d7b00142e4e4fff7918888a850233ed1a66e6&o="
Le Sands Oceanfront Danang Hotel,"28 Phố Võ Nguyên Giáp, Phường Mân Thái, Quận Sơn Trà, Thành phố Đà Nẵng",Suite,5650000.0,102m²,"4 người lớn, 2 trẻ em",2 giường đôi & 1 giường đơn,Hướng biển,"https://cf.bstatic.com/xdata/images/hotel/max1024x768/363968688.jpg?k=0311c162ac410c0e55a98fe9679b4d1fa3a420bf938efd6a45a38f542685d729&o=
https://cf.bstatic.com/xdata/images/hotel/max1024x768/373449071.jpg?k=6d1d61eeb0213d04ef6f17b04488a9caa879675486bf3b5d155c7ee0982f1fa2&o=x
https://cf.bstatic.com/xdata/images/hotel/max1024x768/363967434.jpg?k=22458ef222772a988ca5930efe8c01afe75e44331c8ddc81de695b12072ca18a&o=
https://cf.bstatic.com/xdata/images/hotel/max1024x768/373449073.jpg?k=62a70adf8a71a292e43671fc81e5a6a8e31f2ae0985f525809349c051cfda8b5&o=
https://cf.bstatic.com/xdata/images/hotel/max1024x768/363967479.jpg?k=db4968439a54b4439ecd44bedeeeba07a7896e9756ee59d6f825a698e106a1b1&o=
https://cf.bstatic.com/xdata/images/hotel/max1024x768/373449081.jpg?k=445ed5a468f9048ae01872b36d1a2ad982df1f62112429a2b6eeea3d2811ae43&o="
Asteria Comodo Nha Trang Hotel,"86A Trần Phú, Phường Lộc Thọ, Thành Phố Nha Trang, Tỉnh Khánh Hòa",Premier/Executive,2250000.0,40m²,"2 người lớn, 2 trẻ em",2 giường đơn / 1 giường đôi,Hướng biển,"https://owa.bestprice.vn/images/hotels/uploads/comodo-hotel-nha-trang-64891addcf255.jpg
https://owa.bestprice.vn/images/hotels/uploads/comodo-hotel-nha-trang-64891addcf2e2.jpg"
Asteria Comodo Nha Trang Hotel,"86A Trần Phú, Phường Lộc Thọ, Thành Phố Nha Trang, Tỉnh Khánh Hòa",Suite,2650000.0,80m²,"4 người lớn, 2 trẻ em",2 giường đôi,Hướng biển,"https://owa.bestprice.vn/images/hotels/uploads/comodo-hotel-nha-trang-64891edc04431.jpg
https://owa.bestprice.vn/images/hotels/uploads/comodo-hotel-nha-trang-64891edc043a2.jpg"
Zenia Boutique Hotel Nha Trang,"Số 10 Đường Tô Hiến Thành, Phường Tân Lập, Thành phố Nha Trang, Tỉnh Khánh Hòa",Premier/Executive,820000.0,28m²,"2 người lớn, 2 trẻ em",2 giường đơn / 1 giường đôi,Hướng thành phố,"https://cf.bstatic.com/xdata/images/hotel/max1024x768/382801110.jpg?k=0930a62ab83d1b2bd06df9c4e23b896b74ce93f2fbc989d1694fb3e45499b627&o=
https://cf.bstatic.com/xdata/images/hotel/max1024x768/382801121.jpg?k=6173e5e18df8d0bcccb6fafd82200b2354de983f56d7c77114178a367909e3fc&o=
https://cf.bstatic.com/xdata/images/hotel/max1024x768/382801114.jpg?k=d962e9ac1cc6d25f11e4d2bf0b4aca363a251860fedfd18dd6687f92aaafdd53&o=
https://cf.bstatic.com/xdata/images/hotel/max1024x768/382801108.jpg?k=d742a891e7386e5c2b39fc46289b8bb96ef21118bb353f48f2e3f0f3a664492d&o="
Zenia Boutique Hotel Nha Trang,"Số 10 Đường Tô Hiến Thành, Phường Tân Lập, Thành phố Nha Trang, Tỉnh Khánh Hòa",Suite,1050000.0,60m²,"3 người lớn, 2 trẻ em",2 giường đơn,Hướng biển,"https://cf.bstatic.com/xdata/images/hotel/max1024x768/388843733.jpg?k=44b20019d95718f2d116038f2e4ca41748b3dff618d9af1bad170c927bbc94c3&o=
https://cf.bstatic.com/xdata/images/hotel/max1024x768/382808676.jpg?k=9f967000048263628085bb43746731f7736f760c9f3e2b4b418b0084c3f8640a&o=
https://cf.bstatic.com/xdata/images/hotel/max1024x768/382808668.jpg?k=accdfeb83aef371e267836266cbf55de0ba13d6e958430686f45714330b98780&o=
https://cf.bstatic.com/xdata/images/hotel/max1024x768/382808724.jpg?k=a8132a15259c7cfd3fe1662e2adc9893c77cfc88b2aff6f953974132d343bce5&o=
https://cf.bstatic.com/xdata/images/hotel/max1024x768/382808641.jpg?k=41902a5ed55d869c3ae9f76e8e3d1403a38b4f0583c9a5b99e1882fb61a32d1d&o="
Novotel Hotel Nha Trang,"Số 50 Đường Trần Phú, Thành Phố Nha Trang, Tỉnh Khánh Hòa",Premier/Executive,990000.0,42m²,"3 người lớn, 2 trẻ em",2 giường đơn / 1 giường đôi,Hướng biển,"https://cf.bstatic.com/xdata/images/hotel/max1024x768/252001859.jpg?k=0f1129c23115ca861a42a480919c8469ddec4e9765f7ddb5c8b5e4256bc1e4d6&o=
https://cf.bstatic.com/xdata/images/hotel/max1024x768/50075651.jpg?k=eaedcf2235300173dadf2adcc3331df0f0d15ba3dad9f0790151f47b2606e520&o=
https://cf.bstatic.com/xdata/images/hotel/max1024x768/50075779.jpg?k=d3a18b9056aa851449976a354304b323904dc8e1f80d7602b9ceee14268af3ae&o=
https://cf.bstatic.com/xdata/images/hotel/max1024x768/32078013.jpg?k=b94158ef0e8a16c5dd157e5ee9ac254583f164e5e9bcfed4a3c66b0830d8140d&o="
Novotel Hotel Nha Trang,"Số 50 Đường Trần Phú, Thành Phố Nha Trang, Tỉnh Khánh Hòa",Suite,,,,,,
Tuần Châu Resort Hạ Long,"Đảo Tuần Châu, Thành Phố Hạ Long, Tỉnh Quảng Ninh",Premier/Executive,1450000.0,42m²,"2 người lớn, 2 trẻ em",2 giường đơn / 1 giường đôi,Hướng biển,"https://owa.bestprice.vn/images/hotels/uploads/tuan-chau-resort-ha-long-6461ea3d14dac.jpg
https://owa.bestprice.vn/images/hotels/uploads/tuan-chau-resort-ha-long-6461ea3d150ba.jpg
https://owa.bestprice.vn/images/hotels/uploads/tuan-chau-resort-ha-long-6461ea5c99835.jpg
https://owa.bestprice.vn/images/hotels/uploads/tuan-chau-resort-ha-long-6461ea6b548f9.jpg"
Tuần Châu Resort Hạ Long,"Đảo Tuần Châu, Thành Phố Hạ Long, Tỉnh Quảng Ninh",Suite,,,,,,
Mithrin Hotel Hạ Long,"Đường Hoàng Quốc Việt, Bãi Cháy, TP. Hạ Long, Quảng Ninh",Premier/Executive,1090000.0,36m²,"3 người lớn, 2 trẻ em",2 giường đơn & 1 giường đôi,Hướng biển,"https://owa.bestprice.vn/images/hotels/uploads/mithrin-hotel-ha-long-646f274b0201f.jpg
"
Mithrin Hotel Hạ Long,"Đường Hoàng Quốc Việt, Bãi Cháy, TP. Hạ Long, Quảng Ninh",Suite,1590000.0,64m²,"4 người lớn, 2 trẻ em",2 giường đôi,Hướng biển,https://owa.bestprice.vn/images/hotels/uploads/mithrin-hotel-ha-long-646f274b01e32.jpg
Golf Valley Hotel Đà Lạt,"Số 94 Đường Bùi Thị Xuân, Phường 2, Thành phố Đà Lạt, Tỉnh Lâm Đồng.",Premier/Executive,2150000.0,43m²,"2 người lớn, 2 trẻ em",2 giường đơn / 1 giường đôi,Hướng thành phố,"https://cf.bstatic.com/xdata/images/hotel/max1024x768/605333965.jpg?k=b3343ac82d4c96a422ff5134b672d6c66837935a2d2b301ac44ebf7db0df1fdd&o=
https://cf.bstatic.com/xdata/images/hotel/max1024x768/605333962.jpg?k=4247b7899007e100bd2eda49d6a1ecf3f4a7cacaad8fb4b4c5c462f3d378440c&o=
https://cf.bstatic.com/xdata/images/hotel/max1024x768/605333964.jpg?k=3811bcba3d65fe92901451b206bd1090efe08d61e46eb14d241751836ed33bdb&o=
https://cf.bstatic.com/xdata/images/hotel/max1024x768/605333963.jpg?k=c1eec9c2882932a179433cbf0a357fe816307b568e3f60f1d1833b2ad4b5cbab&o="
Golf Valley Hotel Đà Lạt,"Số 94 Đường Bùi Thị Xuân, Phường 2, Thành phố Đà Lạt, Tỉnh Lâm Đồng.",Suite,4580000.0,59m²,"4 người lớn, 2 trẻ em",2 giường đơn & 1 giường đôi,Hướng thành phố,"https://cf.bstatic.com/xdata/images/hotel/max1024x768/605334493.jpg?k=1aa68f02356126d428ef2fbadcb8b3578d273c8657a1ee3f655660cd76148756&o=
https://cf.bstatic.com/xdata/images/hotel/max1024x768/605334527.jpg?k=d9fce533a17ac2cedeb474cf3c5c8606c3734de121c525119686c32ba5d5fe38&o=
https://cf.bstatic.com/xdata/images/hotel/max1024x768/605334516.jpg?k=c3580e6748246cc725881c0b729f3a2bdac923a930259ccaadfdda52ca5a302e&o=
https://cf.bstatic.com/xdata/images/hotel/max1024x768/605334514.jpg?k=f095c1cae76d14254d404d4c632f23544cb904bcb58cfbc79facf6ed74ff1fb1&o=
https://cf.bstatic.com/xdata/images/hotel/max1024x768/605334494.jpg?k=e689cb6702c48b170273f0869a4853aec9ae8ab27cf8e8aaad2e4061d340546d&o="
Hôtel Colline Đà Lạt,"Số 10 Đường Phan Bội Châu, Phường 1, Thành phố Đà Lạt, Tỉnh Lâm Đồng.",Premier/Executive,1890000.0,29m²,"2 người lớn, 2 trẻ em",2 giường đơn / 1 giường đôi,Hướng thành phố,"https://cf.bstatic.com/xdata/images/hotel/max1024x768/531897267.jpg?k=60b9b9f2a4425cbb1f8a28c4e9cf4da8f441864b0bf054b8c3f31da8a5406112&o=
https://cf.bstatic.com/xdata/images/hotel/max1024x768/531907532.jpg?k=343a3772d6ea0ec536bc933a5c68b2eca2b574eb34e66cf6b8ce922cfc55fd9d&o=
https://cf.bstatic.com/xdata/images/hotel/max1024x768/531885437.jpg?k=3533f6faac2882914ea6c2f396d8250c1c355e4f4119b8dc039807a4625f7180&o="
Hôtel Colline Đà Lạt,"Số 10 Đường Phan Bội Châu, Phường 1, Thành phố Đà Lạt, Tỉnh Lâm Đồng.",Suite,3890000.0,76m²,"4 người lớn, 2 trẻ em",2 giường đôi,Hướng thành phố,"https://cf.bstatic.com/xdata/images/hotel/max1024x768/698178503.jpg?k=5ac7ae8bf05545e9ccfc6891532376e58b578abc1e080620b6939d0c73fb0b2d&o=
https://cf.bstatic.com/xdata/images/hotel/max1024x768/698178507.jpg?k=e2ec52dbd3afd2370ee70bc85d3ab7c5542db03fb16230e83cf5f68e5037352b&o=
https://cf.bstatic.com/xdata/images/hotel/max1024x768/698178502.jpg?k=50dab6c5ed74beaff51151fc049eb25e52099bc662428804d764e1251618a435&o=
https://cf.bstatic.com/xdata/images/hotel/max1024x768/698178500.jpg?k=ff084a237b3153904a1d69b45f4671b407655ac9a60e71b72d6fc814128ffdc9&o=
https://cf.bstatic.com/xdata/images/hotel/max1024x768/698178580.jpg?k=94a17bae0552e7132c240cbbb0a8f13bbd64a393c6a3d19a86c7a3e2d2e5d429&o="
Đà Lạt Wonder Resort,"Số 19 Đường Hoa Hồng, Hồ Tuyền Lâm, Phường 4, Thành Phố Đà Lạt, Tỉnh Lâm Đồng.",Premier/Executive,1950000.0,40m²,"2 người lớn, 2 trẻ em",2 giường đơn / 1 giường đôi,Hướng hồ,"https://cf.bstatic.com/xdata/images/hotel/max1024x768/591161601.jpg?k=44b89a62bc91cebe201bf861069f314fb0a7f191d82934f74581cb64d91a828e&o=
https://cf.bstatic.com/xdata/images/hotel/max1024x768/591161569.jpg?k=7e68ef2145aec5874c45ae3de6be80794a34a6008b4981d5ed79a0563fe61ccd&o=
https://cf.bstatic.com/xdata/images/hotel/max1024x768/591161554.jpg?k=8b24ec749bc47178627988437d0e6c0a7fda5c0d206138db26c14cca12109b90&o="
Đà Lạt Wonder Resort,"Số 19 Đường Hoa Hồng, Hồ Tuyền Lâm, Phường 4, Thành Phố Đà Lạt, Tỉnh Lâm Đồng.",Suite,2590000.0,50m²,"4 người lớn, 2 trẻ em",2 giường đôi,Hướng hồ ,"https://cf.bstatic.com/xdata/images/hotel/max1024x768/591186250.jpg?k=d6ba500caa6c0e4297bf6b6cc08a24bf888895b858189d3ab34870c6cba8dac0&o=
https://cf.bstatic.com/xdata/images/hotel/max1024x768/591186281.jpg?k=d9a933255c14a42c102661feb61b49c83022086caab184375c4a94f92581d960&o=
https://cf.bstatic.com/xdata/images/hotel/max1024x768/591186267.jpg?k=7f98bc252f2b0bafb8aaa926296de337db1cb79d7e11b173c8698c21f94bdf52&o=
https://cf.bstatic.com/xdata/images/hotel/max1024x768/591186189.jpg?k=99f9115022d103631118e6881935520fe1f82246d2305cee1c4e1912eb759f38&o="
Terracotta Hotel & Resort Đà Lạt,"Khu du lịch Hồ Tuyền Lâm, phường 3, thành phố Đà Lạt, Tỉnh Lâm Đồng",Premier/Executive,2145000.0,60m²,"2 người lớn, 2 trẻ em",2 giường đơn / 1 giường đôi,Hướng thành phố,"https://cf.bstatic.com/xdata/images/hotel/max1024x768/489039683.jpg?k=39b8691c192189407c5224802eb92c1dab6c8a10050ff39cb5a048e7673d7bed&o=
https://cf.bstatic.com/xdata/images/hotel/max1024x768/488882383.jpg?k=898e1d88d9fd0204ddadb32ed29da8f7fe171350f18b90568d470f53d1116115&o=
https://cf.bstatic.com/xdata/images/hotel/max1024x768/234555740.jpg?k=a1831e9283398fcf656ae86829b2707d42702afa24e29ae71556a00aea50472e&o=
https://cf.bstatic.com/xdata/images/hotel/max1024x768/488883490.jpg?k=acd17ad49717d8c3059a154965068cd548af04ebe4d695488b187b37ce0877c7&o="
Terracotta Hotel & Resort Đà Lạt,"Khu du lịch Hồ Tuyền Lâm, phường 3, thành phố Đà Lạt, Tỉnh Lâm Đồng",Suite,2975000.0,75m²,"4 người lớn, 2 trẻ em",2 giường đơn & 1 giường đôi,Hướng thành phố,"https://cf.bstatic.com/xdata/images/hotel/max1024x768/489029267.jpg?k=fc3e9ae5d87bcda4236850d622f65e100e651c5a4575078a80076674954d0ea2&o=
https://cf.bstatic.com/xdata/images/hotel/max1024x768/489029266.jpg?k=58ba3614d7d98e2788884209d82a79bb4b2b7e60d2305ed0dd6aba160de62443&o=
https://cf.bstatic.com/xdata/images/hotel/max1024x768/489029272.jpg?k=9d34ff6b86449f20f4045d02338247ee86e64798f1d65bee2dabc7889c671257&o=
https://cf.bstatic.com/xdata/images/hotel/max1024x768/488933937.jpg?k=4abaf60b3ab2bbc4f8a3a2b4c16cdfaeff3c86b9fc1d111db50acd5d420bffe7&o=
https://cf.bstatic.com/xdata/images/hotel/max1024x768/488933387.jpg?k=b9d86f7149e0f61919570ab55b2de04b93a28ff27e834ef3ab63c7d83f092813&o="
Kings Hotel Dalat,"Số 10 Bùi Thị Xuân,Phường 2, Thành phố Đà Lạt, Tỉnh Lâm Đồng",Premier/Executive,1280000.0,40m²,"4 người lớn, 2 trẻ em",2 giường đôi,Hướng thành phố,"https://cf.bstatic.com/xdata/images/hotel/max1024x768/258650019.jpg?k=8571613113dfd8af1e3c1d25cd381d43fdcdfc0b23d170d9eea9aab731baf9bd&o=
https://cf.bstatic.com/xdata/images/hotel/max1024x768/238069017.jpg?k=7a6732797537de5ed8f57176d9053ffbf7a74358e1a85d911b66341ada7b79e7&o=
https://cf.bstatic.com/xdata/images/hotel/max1024x768/248778308.jpg?k=c15a4ce141caff07d4fcc4e88484049e21090a11422dd39a768a66c4b30a2839&o=
https://cf.bstatic.com/xdata/images/hotel/max1024x768/258650018.jpg?k=4aa4398978a0fcbcd44c7550f89c06503038ede5282182517ac4c7d5808aa83a&o="
Kings Hotel Dalat,"Số 10 Bùi Thị Xuân,Phường 2, Thành phố Đà Lạt, Tỉnh Lâm Đồng",Suite,,,,,,
Anya Hotel Quy Nhơn,"Số 03 Đường Nguyễn Trung Tín, Thành phố Quy Nhơn, Tỉnh Bình Định",Premier/Executive,1050000.0,30m²,"2 người lớn, 2 trẻ em",2 giường đơn / 1 giường đôi,Hướng thành phố,"https://cf.bstatic.com/xdata/images/hotel/max1024x768/501454865.jpg?k=867df32df74da9469fc02fcb9ccd9e86f2e95256bf28497532d0dc86776a0044&o=
https://cf.bstatic.com/xdata/images/hotel/max1024x768/501454867.jpg?k=75f3b3f16d86d00602f92fc0c4fb6f42e1ca6c3ad61b1efc7892ed056ec7e149&o=
https://cf.bstatic.com/xdata/images/hotel/max1024x768/501243020.jpg?k=8d3e2be1e50b8b746da4cb61749c2041ee3d0ab6f4b047de592dc7ce27e83238&o="
Anya Hotel Quy Nhơn,"Số 03 Đường Nguyễn Trung Tín, Thành phố Quy Nhơn, Tỉnh Bình Định",Suite,3120000.0,50m²,"4 người lớn, 2 trẻ em",2 giường đôi,Hướng biển,"https://cf.bstatic.com/xdata/images/hotel/max1024x768/446515332.jpg?k=921572c6e9cfa7bcbda9dfa98a78a73518d91cc9d21467ee9bd4fd8ef1cc3a7b&o=
https://cf.bstatic.com/xdata/images/hotel/max1024x768/446515197.jpg?k=596c4f954d4364f8f8f7f23578d6a76732fbb8bb3e86535ae40dfaede0ac34f5&o=
https://cf.bstatic.com/xdata/images/hotel/max1024x768/445424908.jpg?k=4461f6bbb40cb0e502ce0523093d00c2ba838576f7f468eaa0490de7fdcb8bc8&o=
https://cf.bstatic.com/xdata/images/hotel/max1024x768/446515310.jpg?k=c3e4c340eb0f593346c6fef02df480129022c1327faf7caf3f3d0ea86c5d8f8b&o=
https://cf.bstatic.com/xdata/images/hotel/max1024x768/446515236.jpg?k=76843ebc60c944a4fc82750335ba8d7c61dbd925d40501e6bd1da53cf6a95c28&o="
Crown Retreat Quy Nhơn Resort,"Làng Trung Lương, Cát Tiến, Quận Phù Cát, Tỉnh Bình Định",Premier/Executive,3050000.0,36m²,"2 người lớn, 2 trẻ em",2 giường đơn / 1 giường đôi,Hướng biển,"https://cf.bstatic.com/xdata/images/hotel/max1024x768/691623050.jpg?k=5ffa79fd0c7a5698fdb0a450e3c4f35db8d0e78e9af9262972929fccdcb94638&o=
https://cf.bstatic.com/xdata/images/hotel/max1024x768/691623084.jpg?k=0e1fcdec6d4cfe7ff95816e9a7f7bd87cb5d67ca9465b256d43e756cfa05963b&o=
https://cf.bstatic.com/xdata/images/hotel/max1024x768/691623084.jpg?k=0e1fcdec6d4cfe7ff95816e9a7f7bd87cb5d67ca9465b256d43e756cfa05963b&o="
Crown Retreat Quy Nhơn Resort,"Làng Trung Lương, Cát Tiến, Quận Phù Cát, Tỉnh Bình Định",Suite,3560000.0,44m²,"4 người lớn, 2 trẻ em",2 giường đôi,Hướng biển,"https://cf.bstatic.com/xdata/images/hotel/max1024x768/691622954.jpg?k=d98d43804b6936378b7b88699f76279383dc0a15b59bf3bb3b9a8a2ac22c086a&o=
https://cf.bstatic.com/xdata/images/hotel/max1024x768/691622950.jpg?k=03866ecc015ed245403e03185be5129a70a8c63387696a853102061542d6792e&o=
https://cf.bstatic.com/xdata/images/hotel/max1024x768/691623054.jpg?k=7ee9cdc639062b768dc27af13c3dfe16d7cf3dce970381baa18bdacd4f6d4752&o=
https://cf.bstatic.com/xdata/images/hotel/max1024x768/691623042.jpg?k=e988bf4849136a94cdfa5f5056aa85ed9a109d889a86afd2fa3be023a92eb338&o=
https://cf.bstatic.com/xdata/images/hotel/max1024x768/691622955.jpg?k=8528674008753b68be568fb36fbd9bcf6fbc02ef2a3573e8c1f7a1f6cb339465&o="
Fleur De Lys Hotel Quy Nhơn,"Số 16 Đường Nguyễn Huệ, Phường Lê Lợi, Thành phố Quy Nhơn, Tỉnh Bình Định",Premier/Executive,1120000.0,46m²,"2 người lớn, 2 trẻ em",2 giường đơn / 1 giường đôi,Hướng biển,"https://cf.bstatic.com/xdata/images/hotel/max1024x768/363101096.jpg?k=63126286b457d3654e954a837e3d9419ee038c8b7355b4042f1d1056321f512d&o=
https://cf.bstatic.com/xdata/images/hotel/max1024x768/363101120.jpg?k=15554f38867c89c41b277a675d8c7721d41ec7ee25957835d7f27e633e376dcb&o=
https://cf.bstatic.com/xdata/images/hotel/max1024x768/287323045.jpg?k=0a140981d00edf6a788d530d9a97336ef1ba0bddbd21af42c24f76688672a04e&o="
Fleur De Lys Hotel Quy Nhơn,"Số 16 Đường Nguyễn Huệ, Phường Lê Lợi, Thành phố Quy Nhơn, Tỉnh Bình Định",Suite,2250000.0,70m²,"4 người lớn, 2 trẻ em",2 giường đôi,,"https://cf.bstatic.com/xdata/images/hotel/max1024x768/332578919.jpg?k=ab58d134a55d4662846d2e3f5de7da32809cb9b476669813a48596aa686e4730&o=
https://cf.bstatic.com/xdata/images/hotel/max1024x768/332578908.jpg?k=0cb4546e81f806b215787c6bd2df79dcccab490d446af86eae9b851f7def7642&o=
https://cf.bstatic.com/xdata/images/hotel/max1024x768/332578903.jpg?k=eaba2600302c2cab2a4506bf5d835092eb73f586e7e3369801478f128225380d&o=
https://cf.bstatic.com/xdata/images/hotel/max1024x768/332578906.jpg?k=497222ad48db176bc8f5fe96ab37b79795046577f0f9c051f199ad7278625393&o="
L’amor Boutique Hotel Quy Nhơn,"Số 1H1 Đường Nguyễn Thị Định, Thành phố Quy Nhơn, Tỉnh Bình Định",Premier/Executive,1230000.0,40m²,"2 người lớn, 2 trẻ em",2 giường đơn / 1 giường đôi,Hướng núi,"https://cf.bstatic.com/xdata/images/hotel/max1024x768/538969524.jpg?k=48338747f3a2296bf261afbe48124106940c59c77818568e5e9f2d55159b2e20&o=
https://cf.bstatic.com/xdata/images/hotel/max1024x768/374429301.jpg?k=f675134d01d4f7df09f565b0504b6d04033290248c1ae958c10ddbbe7192d636&o=
https://cf.bstatic.com/xdata/images/hotel/max1024x768/469274726.jpg?k=f163b661dcb5f748d90caef951671b28ab2e71ec5864a440bd7eb09225210d8e&o="
L’amor Boutique Hotel Quy Nhơn,"Số 1H1 Đường Nguyễn Thị Định, Thành phố Quy Nhơn, Tỉnh Bình Định",Suite,2120000.0,44m²,"4 người lớn, 2 trẻ em",1 giường đôi & 1 giường tầng,Hướng núi,"https://cf.bstatic.com/xdata/images/hotel/max1024x768/374428760.jpg?k=00b4defd0e11f88e6a4f47aefde2e9d7a879a4e4e133ecde7fa814ccaa03f3b7&o=
https://cf.bstatic.com/xdata/images/hotel/max1024x768/373931953.jpg?k=a311a28beea23adf096956161a5f5ad2f13ce6c31a04f8754253fbce93eb01c7&o=
https://cf.bstatic.com/xdata/images/hotel/max1024x768/480730792.jpg?k=4c43242c6a09b070b7cfa8ce089feda19c7eba11c7f8b50ed8b912af543d4a1e&o=
https://cf.bstatic.com/xdata/images/hotel/max1024x768/480730794.jpg?k=0e03b68d76fa83a014c462f76fd2af8a9c4715506af02dd9bde9c0e84a601169&o="
Mường Thanh Quy Nhơn Hotel,"02 Đường Nguyễn Huệ, Phường Lê Lợi, Thành Phố Quy Nhơn, Tỉnh Bình Định",Premier/Executive,,,,,,
Mường Thanh Quy Nhơn Hotel,"02 Đường Nguyễn Huệ, Phường Lê Lợi, Thành Phố Quy Nhơn, Tỉnh Bình Định",Suite,1020000.0,70m²,"4 người lớn, 2 trẻ em",2 giường đôi,Hướng biển,"https://cf.bstatic.com/xdata/images/hotel/max1024x768/335107050.jpg?k=3fb376b68c6a9a9e1b1ad4a43b8335b8db54ef8dfe8859ab8d8ae6f0190d6d46&o=
https://cf.bstatic.com/xdata/images/hotel/max1024x768/335107044.jpg?k=bfadec63a57f7cf4f167e03115d29337f0f442d44b316add90ec88ae1e50964f&o=
https://cf.bstatic.com/xdata/images/hotel/max1024x768/335107049.jpg?k=9275407518407ef0e870e0169602d3343f1b4696c1ecc909345a5431a8abe854&o=https://cf.bstatic.com/xdata/images/hotel/max1024x768/675002481.jpg?k=261e01280f63ae0954d806722aebb8892a6ec0fae29d4400247793bfc6f00fc7&o="
Lantana Riverside Hoi An Hotel & Spa,"52 Đường Huyền Trân Công Chúa, Phường Cẩm Châu, Thành phố Hội An, Tỉnh Quảng Nam.",Premier/Executive,996000.0,40m²,"2 người lớn, 2 trẻ em",2 giường đơn / 1 giường đôi,Hướng sông,"https://cf.bstatic.com/xdata/images/hotel/max1024x768/480082170.jpg?k=90558fe13870dbed452972ffe1420b0f07b3a5c15eaeded6889b53c43ba8eaa5&o=
https://cf.bstatic.com/xdata/images/hotel/max1024x768/480082152.jpg?k=570514b9c2a6d61a25b2ef616aa2f67cf9d12a11e71333c0c2b830049227abcd&o=
https://cf.bstatic.com/xdata/images/hotel/max1024x768/480082168.jpg?k=9969fc55932ff29bc89f631e91c3f872f5cca974440fae969a208c0eb20b21a7&o="
Lantana Riverside Hoi An Hotel & Spa,"52 Đường Huyền Trân Công Chúa, Phường Cẩm Châu, Thành phố Hội An, Tỉnh Quảng Nam.",Suite,1590000.0,64m²,"4 người lớn, 2 trẻ em",2 giường đôi,,"https://cf.bstatic.com/xdata/images/hotel/max1024x768/480082170.jpg?k=90558fe13870dbed452972ffe1420b0f07b3a5c15eaeded6889b53c43ba8eaa5&o=
https://cf.bstatic.com/xdata/images/hotel/max1024x768/480078843.jpg?k=86240062358b520eda91fc8dbad5bad39bd62dadb25fb8285af5b5ff2333f5f7&o=
https://cf.bstatic.com/xdata/images/hotel/max1024x768/484713500.jpg?k=7bcfcd4cbc523bf072bff6486f7a7b27aa0019b49cd796b0ec9b45f3815939d5&o="
Silkotel Hoian Hotel,"Số 14 Đường Hùng Vương, Phường Cẩm Phô, Thành phố Hội An, Tỉnh Quảng Nam.",Premier/Executive,1050000.0,37m²,"3 người lớn, 2 trẻ em",2 giường đơn / 1 giường đôi,Hướng vườn,"https://cf.bstatic.com/xdata/images/hotel/max1024x768/350472769.jpg?k=fbf1c9813c894ac8a0f67efa817cccf8b038db3cc082924facd544ff02cd35ee&o=
https://cf.bstatic.com/xdata/images/hotel/max1024x768/350472748.jpg?k=25e48b5d14735f6f4839c97777a3db65c20be9a51d5f6d776215d8807f26dcba&o=
https://cf.bstatic.com/xdata/images/hotel/max1024x768/382310557.jpg?k=7b952ef61ee5a9b4305298c8a23acdd47695074c87544f6fbbf43e1796bf2086&o=
https://cf.bstatic.com/xdata/images/hotel/max1024x768/451282554.jpg?k=6cec213b8deab7bcd6b9aa1fa4b952d45b4b98092dfffbaf2d80cf9aa18434c9&o="
Silkotel Hoian Hotel,"Số 14 Đường Hùng Vương, Phường Cẩm Phô, Thành phố Hội An, Tỉnh Quảng Nam.",Suite,,,,,,
Hoi An Delicacy Hotel & Spa,"116 Hùng Vương, Thành Phố Hội An, Tỉnh Quảng Nam, Việt Nam",Premier/Executive,1325000.0,35m²,"2 người lớn, 2 trẻ em",2 giường đơn / 1 giường đôi,Hướng hồ bơi,"https://cf.bstatic.com/xdata/images/hotel/max1024x768/689739744.jpg?k=1c6bdefca9c1d19b42bd888523d2b81c2b009e93af459f6af9098b0199ee859d&o=
https://cf.bstatic.com/xdata/images/hotel/max1024x768/437137220.jpg?k=42655eea44070b82b85861c96189311f14e6bacc90ae7c1936fb8fa597a9fc55&o=
https://cf.bstatic.com/xdata/images/hotel/max1024x768/437135302.jpg?k=0594142db6aae172f099e21315c062901b4e601630b0fc3b96792c5f516d74d2&o="
Hoi An Delicacy Hotel & Spa,"116 Hùng Vương, Thành Phố Hội An, Tỉnh Quảng Nam, Việt Nam",Suite,2487000.0,60m²,"4 người lớn, 2 trẻ em",1 giường đôi & 2 giường đơn,Hướng hồ bơi ,"https://cf.bstatic.com/xdata/images/hotel/max1024x768/689739762.jpg?k=d6860e87d723348bd988d04509607802f2942e734a20143c8e3dd6bc549ff292&o=
https://cf.bstatic.com/xdata/images/hotel/max1024x768/415697218.jpg?k=7709a049061b09cc595d55f8979bea1dc1c33176738ed321533038b0d06ea332&o=
https://cf.bstatic.com/xdata/images/hotel/max1024x768/415697217.jpg?k=c9ed9deb645c5cef71b6e3ff40d4e421e9a227adad90694a905cc9e49fec06b0&o="
